987,11804,Massachusetts Electric Co,NY,Investor Owned,NPCC
988,11806,Massachusetts Mun Wholes Electric Co,MA,Municipal Mktg Authority,NPCC
989,11811,Town of Massena - (NY),NY,Municipal,NPCC
990,11824,Matanuska Electric Assn Inc,AK,Cooperative,AK
991,11833,Municipal Energy Agency of MS,MS,Municipal Mktg Authority,SERC
992,11843,Maui Electric Co Ltd,HI,Investor Owned,HI
993,11871,City of Mayfield Plant Board,KY,Municipal,SERC
994,11910,McLeod Cooperative Power Assn,MN,Cooperative,MRO
995,11989,McCone Electric Coop Inc,MT,Cooperative,WECC
996,12087,McKenzie Electric Coop Inc,ND,Cooperative,MRO
997,12090,"McLean Electric Coop, Inc",ND,Cooperative,MRO
998,12186,McMinnville Electric System,TN,Municipal,SERC
999,12187,City of McMinnville - (OR),OR,Municipal,WECC
1000,12199,Montana-Dakota Utilities Co,ND,Investor Owned,MRO
1001,12208,City of McPherson - (KS),KS,Municipal,SPP
1002,12227,Meeker Coop Light & Power Assn,MN,Cooperative,MRO
1003,12243,Meade County Rural E C C,KY,Cooperative,SERC
1004,12260,Mecklenburg Electric Cooperative,VA,Cooperative,SERC
1005,12265,City of Medford - (WI),WI,Municipal,MRO
1006,12268,"Medina Electric Coop, Inc",TX,Cooperative,TRE
1007,12286,Melrose Public Utilities,MN,Municipal,MRO
1008,12293,City of Memphis - (TN),TN,Municipal,SERC
1009,12298,City of Menasha - (WI),WI,Municipal,MISO
1010,12301,Nodak Electric Coop Inc,ND,Cooperative,MRO
1011,12312,Merced Irrigation District,CA,Political Subdivision,WECC
1012,12323,Miami Power Corporation,OH,Investor Owned,RFC
1013,12330,Meriwether Lewis Electric Coop,TN,Cooperative,SERC
1014,12341,MidAmerican Energy Co,IA,Investor Owned,MRO
1015,12351,City of Mesa - (AZ),AZ,Municipal,WECC
1016,12377,Midwest Energy Cooperative,MI,Cooperative,RFC
1017,12390,Metropolitan Edison Co,OH,Investor Owned,RFC
1018,12395,Menard Electric Coop,IL,Cooperative,RFC
1019,12397,Metropolitan Water District of S CA,CA,State,WECC
1020,12406,Miami-Cass County Rural E M C,IN,Cooperative,RFC
1021,12408,City of Miami - (OK),OK,Municipal,SPP
1022,12439,"Midstate Electric Coop, Inc",OR,Cooperative,WECC
1023,12450,Midland Power Coop,IA,Cooperative,RFC
1024,12452,Mid-South Electric Coop Assn,TX,Cooperative,TRE
1025,12462,Mid-Carolina Electric Coop Inc,SC,Cooperative,SERC
1026,12463,"Mid-Yellowstone Elec Coop, Inc",MT,Cooperative,WECC
1027,12465,"System Energy Resources, Inc",MS,Investor Owned,SERC
1028,12470,Middle Tennessee E M C,TN,Cooperative,SERC
1029,12472,Middle Georgia El Member Corp,GA,Cooperative,SERC
1030,12473,Town of Middleborough - (MA),MA,Municipal,NPCC
1031,12477,Town of Middleton,MA,Municipal,NPCC
1032,12478,Town of Middletown - (DE),DE,Municipal,RFC
1033,12515,"Midwest Electric, Inc",OH,Cooperative,RFC
1034,12524,Midwest Energy Inc,KS,Cooperative,SPP
1035,12532,City of Milan,TN,Municipal,SERC
1036,12539,Midwest Electric Member Corp,NE,Cooperative,MRO
1037,12540,City of Milford - (DE),DE,Municipal,RFC
1038,12541,City of Milford - (IA),IA,Municipal,MRO
1039,12546,Mille Lacs Energy Cooperative,MN,Cooperative,MRO
1040,12580,City of Miller - (SD),SD,Municipal,MRO
1041,12615,City of Milton-Freewater- (OR),OR,Municipal,WECC
1042,12625,City of Minden - (LA),LA,Municipal,SPP
1043,12626,City of Minden - (NE),NE,Municipal,MRO
1044,12642,Maquoketa Valley Rrl Elec Coop,IA,Cooperative,RFC
1045,12647,"ALLETE, Inc.",MN,Investor Owned,MRO
1046,12651,Minnesota Valley Electric Coop,MN,Cooperative,MRO
1047,12658,"Minnkota Power Coop, Inc",ND,Cooperative,MRO
1048,12660,Village of Minster - (OH),OH,Municipal,RFC
1049,12667,Minnesota Municipal Power Agny,MN,Municipal Mktg Authority,MRO
1050,12674,City of Mishawaka,IN,Municipal,RFC
1051,12681,Mississippi County Electric Co,AR,Cooperative,SERC
1052,12685,Entergy Mississippi Inc,MS,Investor Owned,SERC
1053,12686,Mississippi Power Co,MS,Investor Owned,SERC
1054,12692,"Missoula Electric Coop, Inc",MT,Cooperative,WECC
1055,12698,KCP&L Greater Missouri Operations Co.,MO,Investor Owned,SPP
1056,12700,Missouri Rural Electric Coop,MO,Cooperative,SERC
1057,12706,Mitchell Electric Member Corp,GA,Cooperative,SERC
1058,12710,Missouri Basin Muni Power Agny,SD,Political Subdivision,MRO
1059,12744,Modern Electric Water Company,WA,Cooperative,WECC
1060,12745,Modesto Irrigation District,CA,Political Subdivision,WECC
1061,12782,City of Monett - (MO),MO,Municipal,SPP
1062,12789,City of Monmouth - (OR),OR,Municipal,WECC
1063,12796,Monongahela Power Co,PA,Investor Owned,RFC
1064,12800,City of Monroe - (GA),GA,Municipal,SERC
1065,12801,City of Monroe - (NC),NC,Municipal,SERC
1066,12803,"Monroe County Elec Coop, Inc",IL,Cooperative,RFC
1067,12807,Michigan South Central Pwr Agy,MI,Municipal,RFC
1068,12825,NorthWestern Energy LLC - (MT),MT,Investor Owned,WECC
1069,12839,City of Montezuma - (IA),IA,Municipal,MRO
1070,12860,Morgan County Rural Elec Assn,CO,Cooperative,WECC
1071,12866,Moon Lake Electric Assn Inc,UT,Cooperative,WECC
1072,12894,City of Moorhead - (MN),MN,Municipal,MRO
1073,12897,Moose Lake Water & Light Comm,MN,Municipal,MRO
1074,12899,Mor-Gran-Sou Electric Coop Inc,ND,Cooperative,MRO
1075,12900,City of Mora - (MN),MN,Municipal,MRO
1076,12901,Mora-San Miguel Elec Coop,NM,Cooperative,WECC
1077,12915,Moreau-Grand Electric Coop Inc,SD,Cooperative,MRO
1078,12917,Morgan Stanley Capital Grp Inc,NY,Wholesale Power Marketer,RFC
1079,12919,Morenci Water and Electric,AZ,Investor Owned,WECC
1080,12927,Morgan City - (LA),LA,Municipal,SPP
1081,12929,South Central Indiana REMC,IN,Cooperative,RFC
1082,12944,City of Morganton - (NC),NC,Municipal,SERC
1083,12988,City of Morristown - (TN),TN,Municipal,SERC
1084,12989,Village of Morrisville - (VT),VT,Municipal,NPCC
1085,12990,Consolidated Electric Coop Inc,OH,Cooperative,RFC
1086,13026,City of Moultrie - (GA),GA,Municipal,SERC
1087,13027,"Mountain Electric Coop, Inc",TN,Cooperative,SERC
1088,13029,City of Moundridge - (KS),KS,Municipal,SPP
1089,13032,Mt Carmel Public Utility Co,IL,Investor Owned,SERC
1090,13036,Village of Mt. Horeb - (WI),WI,Municipal,MISO
1091,13038,City of Mt Pleasant - (IA),IA,Municipal,MRO
1092,13039,City of Mt Pleasant - (TN),TN,Municipal,SERC
1093,13040,City of Mount Vernon - (MO),MO,Municipal,SPP
1094,13050,"Mountain Parks Electric, Inc",CO,Cooperative,WECC
1095,13058,"Mountain View Elec Assn, Inc",CO,Cooperative,WECC
1096,13073,"Mt Wheeler Power, Inc",NV,Cooperative,WECC
1097,13095,City of Mulvane - (KS),KS,Municipal,SPP
1098,13100,Municipal Electric Authority,GA,Municipal Mktg Authority,SERC
1099,13119,City of Murfreesboro,TN,Municipal,SERC
1100,13137,City of Murray - (UT),UT,Municipal,WECC
1101,13138,City of Murray - (KY),KY,Municipal,SERC
1102,13143,Board of Water Electric & Communications,IA,Municipal,MRO
1103,13144,City of Muscle Shoals,AL,Municipal,SERC
1104,13145,Village of Muscoda - (WI),WI,Municipal,MISO
1105,13190,"N W Electric Power Coop, Inc",MO,Cooperative,SERC
1106,13196,Northern Plains Electric Coop,ND,Cooperative,MRO
2048,55841,APNA Energy,TX,Retail Power Marketer,ERCOT
2049,55874,"Energy Services Providers, Inc",MA,Retail Power Marketer,NYISO
2050,55875,StarTex Power,TX,Retail Power Marketer,ERCOT
2051,55878,Hudson Energy Services,NY,Retail Power Marketer,NYISO
2052,55897,PSEG Energy Resources and Trade,NJ,Wholesale Power Marketer,NYISO
2053,55936,Entergy Gulf States - LA LLC,LA,Investor Owned,SERC
2054,55937,Entergy Texas Inc.,TX,Investor Owned,SERC
2055,55959,Roughrider Electric Cooperativ,ND,Cooperative,MRO
2056,55962,City of Victorville - (CA),CA,Municipal,CAISO
2057,55982,Heart of Texas Electric Coop,TX,Cooperative,ERCOT
2058,56068,ITC Transmission,MI,Transmission,RFC
2059,56146,Black Hills/Colorado Elec.Util,CO,Investor Owned,WECC
2060,56161,ITC Midwest LLC,MI,Transmission,MRO
2061,56162,American Transmission Systems Inc,OH,Transmission,RFC
2062,56163,Michigan Electric Transmission Company,MI,Transmission,RFC
2063,56196,Just Energy New York Corp.,CN,Retail Power Marketer,NYISO
2064,56212,"Ambit Energy Holdings, LLC",TX,Retail Power Marketer,ERCOT
2065,56220,Anthracite Power & Light,PA,Retail Power Marketer,Not Assigned
2066,56223,Macquarie Energy LLC,TX,Wholesale Power Marketer,ERCOT
2067,56248,"Young Energy, LLC",TX,Retail Power Marketer,TRE
2068,56254,"Duquesne Light Energy, LLC",PA,Retail Power Marketer,Not Assigned
2069,56255,"Brilliant Energy, LLC",TX,Retail Power Marketer,ERCOT
2070,56260,OnPAC Energy,TX,Retail Power Marketer,ERCOT
2071,56265,Energy Plus Holdings LLC,PA,Retail Power Marketer,NPCC
2072,56276,TransCanada Energy Marketing ULC,CA,Wholesale Power Marketer,WECC
2073,56279,"Spartan Renewable Energy, Inc",MI,Retail Power Marketer,Not Assigned
2074,56286,"Frontier Utilities, Inc.",TX,Retail Power Marketer,TRE
2075,56288,Luminant Energy,TX,Wholesale Power Marketer,ERCOT
2076,56292,"Bounce Energy, Inc.",TX,Retail Power Marketer,ERCOT
2077,56298,True Electric LLC,TX,Retail Power Marketer,ERCOT
2078,56315,"EDF Industrial Power Services (TX), LLC",TX,Retail Power Marketer,ERCOT
2079,56326,dPi Energy LLC,TX,Retail Power Marketer,ERCOT
2080,56360,Discount Power,TX,Retail Power Marketer,ERCOT
2081,56379,"MC Squared Energy Services, LLC",IL,Retail Power Marketer,PJM
2082,56408,"UGI Energy Services, Inc.",PA,Retail Power Marketer,PJM
2083,56428,"Potentia Energy, LLC",TX,Retail Power Marketer,TRE
2084,56441,Our Energy LLC,TX,Retail Power Marketer,ERCOT
2085,56496,"UP Power Marketing, LLC",MI,Retail Power Marketer,MRO
2086,56501,"Palmco Power NJ, LLC",NY,Retail Power Marketer,Not Assigned
2087,56502,"Duke Energy Retail Sales, LLC",OH,Retail Power Marketer,Not Assigned
2088,56504,Major Energy Electric Services,NY,Retail Power Marketer,NPCC
2089,56521,"Devonshire Energy, LLC",MA,Retail Power Marketer,ISONE
2090,56522,"Backyard Farms Energy, LLC",ME,Retail Power Marketer,ISONE
2091,56526,ITC Great Plains,KS,Transmission,SPP
2092,56528,JP Morgan,TX,Retail Power Marketer,ERCOT
2093,56544,Optim Energy Marketing LLC,MD,Wholesale Power Marketer,TRE
2094,56546,Dominion Energy Marketing Inc.,VA,Wholesale Power Marketer,Not Assigned
2095,56571,AP Holdings LLC,TX,Retail Power Marketer,ERCOT
2096,56573,"Palmco Power PA, LLC",NY,Retail Power Marketer,Not Assigned
2097,56586,Tara Energy Resources,TX,Retail Power Marketer,TRE
2098,56587,"Reach Energy, LLC",TX,Retail Power Marketer,ERCOT
2099,56620,NextEra Retail of Texas LP,TX,Retail Power Marketer,ERCOT
2100,56692,Marin Clean Energy,CA,Retail Power Marketer,WECC
2101,56697,Ameren Illinois Company,MO,Investor Owned,SERC
2102,56734,Smart Prepaid Electric,TX,Retail Power Marketer,ERCOT
2103,56735,"Reliable Power, LLC",NY,Retail Power Marketer,ISONE
2104,56737,"Stream Energy Pennsylvania, LLC",PA,Retail Power Marketer,PJM
2105,56738,Infinite Electric LLC,FL,Retail Power Marketer,TRE
2106,56775,Entrust Energy,TX,Retail Power Marketer,ERCOT
2107,56784,NRG Power Marketing LLC,NJ,Wholesale Power Marketer,NYISO
2108,56793,"Palmco Power CT, LLC",NY,Retail Power Marketer,NYISO
2109,56810,American Light and Power,TX,Retail Power Marketer,ERCOT
2110,56876,"Stream Energy Maryland, LLC",MD,Retail Power Marketer,PJM
2111,56890,Citigroup Energy Inc,TX,Wholesale Power Marketer,ERCOT
2112,56921,BluCo Energy LLC,NY,Retail Power Marketer,NYISO
2113,56961,Veteran Energy LLC,FL,Retail Power Marketer,TRE
2114,56982,PBF Power Marketing LLC,NJ,Retail Power Marketer,NYISO
2115,57037,Reliant Energy Northeast LLC,TX,Retail Power Marketer,ERCOT
2116,57038,"Amerigreen Energy, LLC",PA,Retail Power Marketer,Not Assigned
2117,57040,PNE Energy Supply LLC,NH,Retail Power Marketer,ISONE
2118,57067,GDF Suez Energy Solutions LLC,TX,Retail Power Marketer,Not Assigned
2119,57074,"Stream Energy New Jersey, LLC",NJ,Retail Power Marketer,PJM
2120,57131,American Power Partners LLC,NY,Retail Power Marketer,PJM
2121,57132,"US Retailers, LLC",TX,Retail Power Marketer,ERCOT
2122,57185,"Palmco Power MD, LLC",NY,Retail Power Marketer,NYISO
2123,57192,"EDF Industrial Power Services (NY), LLC",TX,Retail Power Marketer,ERCOT
2124,57205,"EDF Industrial Power Services (IL), LLC",TX,Retail Power Marketer,ERCOT
2125,57298,TAQA Gen X LLC,NY,Wholesale Power Marketer,RFC
2126,57307,"Plymouth Rock Energy, LLC",NY,Retail Power Marketer,NYISO
2127,57313,SolarCity Corporation,CA,Unknown,CAISO
2128,57350,Summer Energy LLC,TX,Retail Power Marketer,ERCOT
2129,57368,NEPM II,FL,Retail Power Marketer,ERCOT
2130,57394,4Change Energy Company,TX,Retail Power Marketer,ERCOT
2131,57426,"Everything Energy, LLC",TX,Retail Power Marketer,ERCOT
2132,57428,Source Power & Gas LLC,TX,Retail Power Marketer,ERCOT
2133,57453,Independence Energy Group LLC,PA,Retail Power Marketer,PJM
2134,57459,"Wolverine Alternative Investments, LLC",IL,Retail Power Marketer,ERCOT
2135,57467,"Palmco Power OH, LLC",NY,Retail Power Marketer,Not Assigned
2136,57483,Liberty Utilities,CA,Investor Owned,WECC
2137,57486,"XOOM Energy Texas, LLC",NC,Retail Power Marketer,ERCOT
2138,57487,"XOOM Energy Connecticut, LLC",NC,Retail Power Marketer,ISONE
2139,57488,"XOOM Energy Illinois, LLC",NC,Retail Power Marketer,PJM
2140,57489,"XOOM Energy Massachusetts, LLC",NC,Retail Power Marketer,ISONE
2141,57490,"XOOM Energy Maryland, LLC",NC,Retail Power Marketer,PJM
2142,57491,"XOOM Energy New Jersey, LLC",NC,Retail Power Marketer,PJM
2143,58085,"Electricity Maine, LLC",ME,Retail Power Marketer,ISONE
2144,58086,"Electricity NH, LLC d/b/a ENH Power, LLC",ME,Retail Power Marketer,ISONE
2145,58096,Andeler Corporation dba Andeler Power,TX,Retail Power Marketer,ERCOT
2146,58116,"Public Power & Utility of Maryland, LLC",CT,Retail Power Marketer,PJM
2147,58117,Public Power & Utility - New Jersey,CT,Retail Power Marketer,PJM
2148,58118,Public Power LLC (PA),CT,Retail Power Marketer,PJM
2149,58119,Public Power LLC (CT),CT,Retail Power Marketer,PJM
2150,58123,Aha Macav Power Service,AZ,Political Subdivision,WECC
2151,58124,City of Winter Park - (FL),FL,Municipal,FRCC
2152,58125,Hercules Municipal Utility,CA,Municipal,CAISO
2153,58126,Pittsburg Power Company,CA,Municipal,CAISO
1107,13206,Nantucket Electric Co,MA,Investor Owned,NPCC
1108,13208,City of Naperville - (IL),IL,Municipal,RFC
1109,13209,City of Napoleon - (OH),OH,Municipal,RFC
1110,13214,The Narragansett Electric Co,RI,Investor Owned,NPCC
1111,13216,Nashville Electric Service,TN,Municipal,SERC
1112,13227,Natchez Trace Elec Power Assn,MS,Cooperative,SERC
1113,13228,City of Natchitoches,LA,Municipal,SPP
1114,13233,City of Neligh - (NE),NE,Municipal,MRO
1115,13292,Norris Electric Coop,IL,Cooperative,RFC
1116,13314,Navajo Tribal Utility Authority,AZ,State,WECC
1117,13318,"Navopache Electric Coop, Inc",AZ,Cooperative,WECC
1118,13332,"Navarro County Elec Coop, Inc",TX,Cooperative,TRE
1119,13334,City of Nebraska City,NE,Municipal,MRO
1120,13337,Nebraska Public Power District,NE,Political Subdivision,MRO
1121,13352,City of Negaunee,MI,Municipal,MISO
1122,13355,New England Hydro-Tran Elec Co,NY,Investor Owned,NPCC
1123,13356,New England Hydro-Trans Corp,NH,Investor Owned,NPCC
1124,13374,"Constellation NewEnergy, Inc",MA,Retail Power Marketer,NPCC
1125,13380,City of Neodesha - (KS),KS,Municipal,SPP
1126,13386,"Nemaha-Marshall E C A, Inc",KS,Cooperative,SPP
1127,13402,Nevada Irrigation District,CA,Political Subdivision,WECC
1128,13407,Nevada Power Co,NV,Investor Owned,WECC
1129,13412,City of New Albany - (MS),MS,Municipal,SERC
1130,13416,City of New Bern - (NC),NC,Municipal,SERC
1131,13418,City of New Braunfels - (TX),TX,Municipal,TRE
1132,13424,New Castle Municipal Serv Comm,DE,Municipal,RFC
1133,13433,New England Power Company,NY,Investor Owned,NPCC
1134,13437,City of Newbern,TN,Municipal,SERC
1135,13438,Village of New Glarus - (WI),WI,Municipal,MISO
1136,13441,New Hampshire Elec Coop Inc,NH,Cooperative,NPCC
1137,13444,City of New Hampton - (IA),IA,Municipal,MRO
1138,13448,City of New Holstein - (WI),WI,Municipal,MISO
1139,13467,New London Electric&Water Util,WI,Municipal,MISO
1140,13478,Entergy New Orleans Inc,LA,Investor Owned,SERC
1141,13480,New Prague Utilities Comm,MN,Municipal,MRO
1142,13481,City of New Richmond,WI,Municipal,MISO
1143,13482,New River Light & Power Co,NC,State,SERC
1144,13485,New Smyrna Beach City of,FL,Municipal,FRCC
1145,13488,New Ulm Public Utilities Comm,MN,Municipal,MRO
1146,13511,New York State Elec & Gas Corp,NY,Investor Owned,NPCC
1147,13519,City of Newark - (DE),DE,Municipal,RFC
1148,13520,"New-Mac Electric Coop, Inc",MO,Cooperative,SERC
1149,13523,City of Newberry - (SC),SC,Municipal,SERC
1150,13524,"Newberry Electric Coop, Inc",SC,Cooperative,SERC
1151,13539,New York Mun Power Agency,NY,Municipal Mktg Authority,NPCC
1152,13547,"Newnan Wtr, Sewer & Light Comm",GA,Municipal,SERC
1153,13550,City of Newport,TN,Municipal,SERC
1154,13561,City of Newton - (NC),NC,Municipal,SERC
1155,13570,Ninnescah Rural E C A Inc,KS,Cooperative,SPP
1156,13573,Niagara Mohawk Power Corp.,NY,Investor Owned,NPCC
1157,13577,City of Nicholasville - (KY),KY,Municipal,RFC
1158,13602,City of Niles - (OH),OH,Municipal,RFC
1159,13604,City of Niles - (MI),MI,Municipal,RFC
1160,13610,Niobrara Valley El Member Corp,NE,Cooperative,MRO
1161,13630,North Carolina Mun Power Agny #1,NC,Municipal Mktg Authority,SERC
1162,13640,Northern Virginia Elec Coop,VA,Cooperative,SERC
1163,13642,Nome Joint Utility Systems,AK,Municipal,AK
1164,13646,City of Norcross- (GA),GA,Municipal,SERC
1165,13647,Noble County R E M C,IN,Cooperative,RFC
1166,13651,Nolin Rural Electric Coop Corp,KY,Cooperative,RFC
1167,13664,Norris Public Power District,NE,Political Subdivision,MRO
1168,13669,North Alabama Electric Coop,AL,Cooperative,SERC
1169,13670,"Northeast Texas Elec Coop, Inc",TX,Cooperative,SPP
1170,13675,Nishnabotna Valley R E C,IA,Cooperative,MRO
1171,13676,"North Arkansas Elec Coop, Inc",AR,Cooperative,SPP
1172,13679,Town of North Attleborough - (MA),MA,Municipal,NPCC
1173,13683,North Carolina El Member Corp,NC,Cooperative,SERC
1174,13684,Nobles Cooperative Electric,MN,Cooperative,MRO
1175,13687,North Carolina Eastern M P A,NC,Municipal Mktg Authority,SERC
1176,13690,North Central MO Elec Coop Inc,MO,Cooperative,SERC
1177,13693,"North Central Elec Coop, Inc",OH,Cooperative,RFC
1178,13694,"North Central Elec Coop, Inc",ND,Cooperative,Not Assigned
1179,13697,North Central Power Co Inc,WI,Investor Owned,MRO
1180,13698,North Central Public Pwr Dist,NE,Political Subdivision,MRO
1181,13700,North Itasca Electric Coop Inc,MN,Cooperative,MRO
1182,13704,"North Western Elec Coop, Inc",OH,Cooperative,RFC
1183,13716,North Georgia Elec Member Corp,GA,Cooperative,SERC
1184,13718,City of North Little Rock - (AR),AR,Municipal,SERC
1185,13725,City of North Platte,NE,Municipal,MRO
1186,13730,City of North St Paul - (MN),MN,Municipal,MRO
1187,13731,"North Star Electric Coop, Inc",MN,Cooperative,MRO
1188,13734,Northeast Oklahoma Electric Co,OK,Cooperative,SPP
1189,13735,Northcentral Mississippi E P A,MS,Cooperative,SERC
1190,13738,Northeast Missouri El Pwr Coop,MO,Cooperative,SERC
1191,13739,Northeast Nebraska P P D,NE,Political Subdivision,MRO
1192,13750,"Northern Electric Coop, Inc",SD,Cooperative,MRO
1193,13756,Northern Indiana Pub Serv Co,IN,Investor Owned,RFC
1194,13757,North Plains Electric Coop Inc,TX,Cooperative,SPP
1195,13758,"Northern Lights, Inc",ID,Cooperative,WECC
1196,13762,"Northern Neck Elec Coop, Inc",VA,Cooperative,SERC
1197,13780,Northern States Power Co,MN,Investor Owned,MRO
1198,13781,Northern States Power Co - Minnesota,MN,Investor Owned,MRO
1199,13783,Northeast Louisiana Power Coop Inc.,LA,Cooperative,SERC
1200,13788,Northern Wasco County PUD,OR,Political Subdivision,WECC
1201,13789,Village of Northfield - (VT),VT,Municipal,NPCC
1202,13798,Northwest Iowa Power Coop,IA,Cooperative,MRO
1203,13799,Prairie Land Electric Coop Inc,KS,Cooperative,SPP
1204,13805,Northwest Rural Pub Pwr Dist,NE,Political Subdivision,WECC
1205,13807,Northwestern Electric Coop Inc - (OK),OK,Cooperative,SPP
1206,13809,NorthWestern Energy - (SD),SD,Investor Owned,MRO
1207,13815,Northwestern Wisconsin Elec Co,WI,Investor Owned,MRO
1208,13825,Norwalk Third Taxing District,CT,Municipal,NPCC
1209,13826,City of Norway,MI,Municipal,MISO
1210,13830,Nueces Electric Cooperative,TX,Cooperative,TRE
1211,13831,City of Norwich - (CT),CT,Municipal,NPCC
1212,13838,"Northfork Electric Coop, Inc",OK,Cooperative,SPP
1213,13839,City of Norwood - (MA),MA,Municipal,NPCC
1214,13853,Oahe Electric Coop Inc,SD,Cooperative,MRO
1215,13933,City of Oak Ridge,TN,Municipal,SERC
1216,13934,Ocmulgee Electric Member Corp,GA,Cooperative,SERC
1217,13935,Oakdale&South San Joaquin Irrigation D.,CA,Political Subdivision,WECC
1218,13936,Oakdale Electric Coop,WI,Cooperative,MRO
1219,13949,City of Oberlin - (OH),OH,Municipal,RFC
1220,13955,City of Ocala,FL,Municipal,FRCC
1221,13962,Oconee Electric Member Corp,GA,Cooperative,SERC
1222,13963,Oconomowoc Utilities,WI,Municipal,MISO
1223,13964,Oconto Electric Cooperative,WI,Cooperative,RFC
1224,13965,Oconto Falls Water & Light Comm,WI,Municipal,MISO
2154,58139,Town of Pickstown - (SD),SD,Municipal,Not Assigned
2155,58142,Cincinnati Bell Energy LLC,CT,Retail Power Marketer,PJM
2156,58158,FairPoint Energy LLC,CT,Retail Power Marketer,ISONE
2157,58160,Viridian Energy NY LLC,CT,Retail Power Marketer,NYISO
2158,58161,Viridian Energy LLC,CT,Retail Power Marketer,ISONE
2159,58162,Viridian Energy PA LLC,CT,Retail Power Marketer,PJM
2160,58181,"Stream Energy New York, LLC",NY,Retail Power Marketer,NYISO
2161,58196,"C. N. Brown Electricity, LLC",ME,Retail Power Marketer,ISONE
2162,58204,"HOP Energy, LLC",NY,Retail Power Marketer,NPCC
2163,58230,MJMEUC,MO,Wholesale Power Marketer,SPP
2164,58245,Patua Project LLC,NV,Wholesale Power Marketer,WECC
2165,58248,"EnergyMark, LLC",NY,Retail Power Marketer,NYISO
2166,58263,V247 Power Corporation,VA,Retail Power Marketer,TRE
2167,58314,"Palmco Power IL, LLC",NY,Retail Power Marketer,Not Assigned
2168,58339,"XOOM Energy Pennsylvania, LLC",NC,Retail Power Marketer,PJM
2169,58364,New Brunswick Power Generation Corp.,CN,Retail Power Marketer,NPCC
2170,58367,"XOOM Energy New York, LLC",NC,Retail Power Marketer,NYISO
2171,58457,"EDF Industrial Power Services (CA), LLC",TX,Retail Power Marketer,ERCOT
2172,58458,Silver State Energy Association,NV,Retail Power Marketer,WECC
2173,58476,"Stream Energy Columbia, LLC",DC,Retail Power Marketer,PJM
2174,58630,"XOOM Energy Maine, LLC",NC,Retail Power Marketer,Not Assigned
2175,58631,"XOOM Energy Rhode Island, LLC",NC,Retail Power Marketer,Not Assigned
2176,58632,"XOOM Energy Delaware, LLC",NC,Retail Power Marketer,Not Assigned
2177,58633,"XOOM Energy New Hampshire, LLC",NC,Retail Power Marketer,Not Assigned
2178,58663,Respond Power LLC,NY,Retail Power Marketer,NYISO
2179,58667,"North American Power and Gas, LLC",CT,Retail Power Marketer,PJM
2180,58683,Everyday Energy LLC,CT,Retail Power Marketer,PJM
2181,58708,EDF Industrial Power Services (OH),TX,Retail Power Marketer,ERCOT
2182,58747,"Provider Power MASS, LLC",ME,Retail Power Marketer,PJM
2183,58799,"Mega Energy of New England, LLC",TX,Retail Power Marketer,ERCOT
2184,58805,Pro Power Providers,TX,Retail Power Marketer,ERCOT
2185,58806,"Mint Energy, LLC",MA,Retail Power Marketer,NPCC
2186,58851,City of Cerritos - (CA),CA,Municipal,CAISO
2187,58853,Kiwi Energy NY LLC,NY,Retail Power Marketer,NYISO
2188,58859,"Enertrade Electric, LLC",TX,Retail Power Marketer,ERCOT
2189,58950,"Galt Power Texas, LLC",PA,Retail Power Marketer,PJM
2190,58951,"Ethical Electric, Inc.",DC,Retail Power Marketer,PJM
2191,58952,Sperian Energy Corp,NV,Retail Power Marketer,WECC
2192,58953,"Star Energy Partners, LLC",OH,Retail Power Marketer,Not Assigned
2193,58954,Breeze LLC,TX,Retail Power Marketer,TRE
2194,58956,"SmartEnergy Holdings, LLC",NY,Retail Power Marketer,NYISO
2195,58957,"Interstate Gas Supply, Inc.",OH,Retail Power Marketer,Not Assigned
2196,58958,"Border Energy, Inc",OH,Retail Power Marketer,Not Assigned
2197,58963,Brooklet Energy Distribution,TX,Retail Power Marketer,ERCOT
2198,58964,"Alpha Gas and Electric, LLC",NY,Retail Power Marketer,NYISO
2199,58965,Energy.Me Midwest LLC,IL,Retail Power Marketer,SERC
2200,58966,Marathon Power LLC,NY,Retail Power Marketer,NYISO
2201,58972,"Realgy, LLC",CT,Retail Power Marketer,PJM
2202,58973,"Discount Energy Group, LLC",MN,Retail Power Marketer,PJM
2203,58978,"Harborside Energy, LLC",NJ,Retail Power Marketer,PJM
2204,58992,"Longfellow Wind, LLC",MA,Wholesale Power Marketer,NPCC
2205,58993,"First Wind Energy Marketing, LLC",MA,Wholesale Power Marketer,NYISO
2206,59012,"Mega Energy of New Hampshire, LLC",TX,Retail Power Marketer,ERCOT
2207,59013,PUD No 1 of Jefferson County,WA,Political Subdivision,WECC
2208,59052,Astral Energy LLC,NJ,Retail Power Marketer,NYISO
2209,59053,"Abest Power & Gas, LLC",NY,Retail Power Marketer,NYISO
2210,59054,"Eligo Energy, LLC",IL,Retail Power Marketer,PJM
2211,59055,"Choice Energy, LLC d/b/a 4 Choice Energy",IA,Retail Power Marketer,PJM
2212,59057,"Mega Energy of Maine, LLC",TX,Retail Power Marketer,ERCOT
2213,59058,"Gerdau Ameristeel Energy, Inc.",FL,Retail Power Marketer,RFC
2214,59059,Town Square Energy,MN,Retail Power Marketer,ISONE
2215,59060,Union Atlantic Electricity,ME,Retail Power Marketer,ISONE
2216,59061,Pioneer Power LLC DBA Pioneer Energy,TX,Retail Power Marketer,ERCOT
2217,59062,"REP Energy, LLC",TX,Retail Power Marketer,ERCOT
2218,59064,"Great American Power, LLC",GA,Retail Power Marketer,PJM
2219,59065,Titan Gas LLC,TX,Retail Power Marketer,ERCOT
2220,59066,VCharge Inc.,RI,Retail Power Marketer,PJM
2221,59082,"Family Energy, Inc. New York",CN,Retail Power Marketer,Not Assigned
2222,59086,"Constellation Solar Holding, LLC",MD,Unknown,PJM
2223,59088,"Nordic Energy Services, LLC",IL,Retail Power Marketer,MRO
2224,59126,Sonoma Clean Power Authority,CA,Retail Power Marketer,CAISO
2225,59128,MPower Energy LLC,NY,Retail Power Marketer,npcc
2226,59139,SunEdison LLC,CA,Unknown,CAISO
2227,59410,"Shipley Choice, LLC",PA,Retail Power Marketer,PJM
2228,59505,Heartland REMC,IN,Cooperative,RFC
2229,59507,"Lonestar Generation, LLC",MD,Wholesale Power Marketer,ERCOT
2230,59557,RGS Energy,CO,Unknown,Not Assigned
2231,59558,"OneRoof Energy, Inc.",CA,Unknown,CAISO
2232,59579,Sunnova,TX,Unknown,ERCOT
2233,59580,"SunPower Capital, LLC",TX,Unknown,ERCOT
2234,88888,Withheld,TX,Retail Power Marketer,ERCOT
2235,88888,Withheld,TX,Retail Power Marketer,TRE
2236,88888,Withheld,TX,Retail Power Marketer,TRE
0,55,City of Aberdeen - (MS),MS,Municipal,SERC
1,59,City of Abbeville - (LA),LA,Municipal,SPP
2,84,A & N Electric Coop,VA,Cooperative,RFC
3,97,Adams Electric Coop,IL,Cooperative,SERC
4,108,Adams-Columbia Electric Coop,WI,Cooperative,MRO
5,113,"Agway Energy Services, LLC",NY,Retail Power Marketer,NPCC
6,118,"Adams Rural Electric Coop, Inc",OH,Cooperative,RFC
7,122,Village of Arcade - (NY),NY,Municipal,NPCC
8,123,City of Adel- (GA),GA,Municipal,SERC
9,150,Adrian Public Utilities Comm,MN,Municipal,MRO
10,155,Agralite Electric Coop,MN,Cooperative,MRO
11,162,Aiken Electric Coop Inc,SC,Cooperative,SERC
12,176,Ajo Improvement Co,AZ,Investor Owned,WECC
13,189,PowerSouth Energy Cooperative,AL,Cooperative,SERC
14,195,Alabama Power Co,AL,Investor Owned,SERC
15,201,City of Alachua - (FL),FL,Municipal,FRCC
16,207,City of Alameda,CA,Municipal,WECC
17,213,Alaska Electric Light&Power Co,AK,Investor Owned,AK
18,219,Alaska Power and Telephone Co,WA,Investor Owned,AK
19,221,"Alaska Village Elec Coop, Inc",AK,Cooperative,AK
20,230,Albany Water Gas & Light Comm,GA,Municipal,SERC
21,232,City of Albemarle - (NC),NC,Municipal,SERC
22,240,Albemarle Electric Member Corp,NC,Cooperative,SERC
23,241,Albertville Municipal Utilities Board,AL,Municipal,SERC
24,261,AGC Division of APG Inc,PA,Investor Owned,RFC
25,276,Alcorn County Elec Power Assn,MS,Cooperative,SERC
26,289,City of Alexander City,AL,Municipal,SERC
27,295,City of Alexandria - (MN),MN,Municipal,MRO
28,296,"Alfalfa Electric Coop, Inc",OK,Cooperative,SPP
29,298,City of Alexandria - (LA),LA,Municipal,SPP
30,305,Alger-Delta Coop Electric Assn,MI,Cooperative,MISO
31,307,Algoma Utility Comm,WI,Municipal,MISO
32,308,City of Acworth - (GA),GA,Municipal,SERC
33,309,City of Algona - (IA),IA,Municipal,MRO
34,329,"Allamakee-Clayton El Coop, Inc",IA,Cooperative,MRO
35,332,Allegheny Electric Coop Inc,PA,Cooperative,RFC
36,343,AEP Generating Company,OH,Investor Owned,RFC
37,367,City of Alliance- (NE),NE,Municipal,MRO
38,392,Alpena Power Co,MI,Investor Owned,RFC
39,407,Altamaha Electric Member Corp,GA,Cooperative,SERC
40,416,City of Altus - (OK),OK,Municipal,SPP
41,471,Amana Society Service Co,IA,Investor Owned,MRO
42,540,BP Energy Company,TX,Retail Power Marketer,TRE
43,554,City of Ames - (IA),IA,Municipal,MRO
44,560,City of Amherst- (OH),OH,Municipal,RFC
45,562,Amicalola Electric Member Corp,GA,Cooperative,SERC
46,571,City of Amory,MS,Municipal,SERC
47,577,City of Alcoa Utilities,TN,Municipal,SERC
48,590,City of Anaheim - (CA),CA,Municipal,WECC
49,599,Anchorage Municipal Light and Power,AK,Municipal,AK
50,604,City of Andalusia,AL,Municipal,SERC
51,636,City of Anderson - (IN),IN,Municipal,RFC
52,689,Connexus Energy,MN,Cooperative,MRO
53,690,City of Bardstown - (KY),KY,Municipal,RFC
54,691,City of Anoka,MN,Municipal,MRO
55,694,Anza Electric Coop Inc,CA,Cooperative,WECC
56,712,Arkansas River Power Authority,CO,Political Subdivision,WECC
57,719,Town of Apex- (NC),NC,Municipal,SERC
58,727,Appalachian Electric Coop,TN,Cooperative,SERC
59,733,Appalachian Power Co,OH,Investor Owned,RFC
60,750,Arab Electric Coop Inc,AL,Cooperative,SERC
61,796,Arizona Electric Pwr Coop Inc,AZ,Cooperative,WECC
62,798,Arizona Power Authority,AZ,State,WECC
63,803,Arizona Public Service Co,AZ,Investor Owned,WECC
64,807,Arkansas Electric Coop Corp,AR,Cooperative,SPP
65,814,Entergy Arkansas Inc,AR,Investor Owned,SERC
66,817,Arkansas Valley Elec Coop Corp,AR,Cooperative,SERC
67,828,City of Arlington - (MN),MN,Municipal,MRO
68,887,"Arrowhead Electric Coop, Inc",MN,Cooperative,MRO
69,907,City of Ashland - (OR),OR,Municipal,WECC
70,918,City of Aspen- (CO),CO,Municipal,WECC
71,924,"Associated Electric Coop, Inc",MO,Cooperative,SERC
72,942,Atchison-Holt Electric Coop,MO,Cooperative,SERC
73,944,City of Athens - (AL),AL,Municipal,SERC
74,947,Athens Utility Board,TN,Municipal,SERC
75,963,Atlantic City Electric Co,NJ,Investor Owned,RFC
76,965,Atlantic Municipal Utilities,IA,Municipal,MRO
77,970,Homefield Energy,IL,Retail Power Marketer,RFC
78,993,Auburn Board of Public Works,NE,Municipal,MRO
79,994,City of Auburn - (IN),IN,Municipal,RFC
80,998,City of Augusta - (KS),KS,Municipal,SPP
81,1009,City of Austin - (MN),MN,Municipal,MRO
82,1015,Austin Energy,TX,Municipal,TRE
83,1024,City of Ava - (MO),MO,Municipal,SERC
84,1036,Town of Ayden - (NC),NC,Municipal,SERC
85,1050,City of Azusa,CA,Municipal,WECC
86,1062,BARC Electric Coop Inc,VA,Cooperative,SERC
87,1101,Bagley Public Utilities Comm,MN,Municipal,MRO
88,1148,City of Baldwin City- (KS),KS,Municipal,SPP
89,1149,Baldwin County El Member Corp,AL,Cooperative,SERC
90,1167,Baltimore Gas & Electric Co,MD,Investor Owned,RFC
91,1169,Bailey County Elec Coop Assn,TX,Cooperative,SPP
92,1175,"Bandera Electric Coop, Inc",TX,Cooperative,TRE
93,1176,City of Bandon - (OR),OR,Municipal,WECC
94,1179,Emera Maine,ME,Investor Owned,NPCC
95,1181,City of Bangor - (WI),WI,Municipal,MRO
96,1192,City of Banning - (CA),CA,Municipal,WECC
97,1196,Village of Baraga - (MI),MI,Municipal,MISO
98,1201,Barbourville Utility Comm,KY,Municipal,RFC
99,1233,City of Barnesville - (MN),MN,Municipal,MRO
100,1251,Barron Electric Coop,WI,Cooperative,MRO
101,1273,"Bartlett Electric Coop, Inc",TX,Cooperative,TRE
102,1276,"Barrow Utils & Elec Coop, Inc",AK,Cooperative,AK
103,1279,Barry Electric Coop,MO,Cooperative,SERC
104,1283,Bartholomew County Rural E M C,IN,Cooperative,RFC
105,1300,City of Bartow - (FL),FL,Municipal,FRCC
106,1301,"Barton County Elec Coop, Inc",MO,Cooperative,SERC
107,1307,Basin Electric Power Coop,ND,Cooperative,MRO&WECC
108,1325,City of Batavia - (IL),IL,Municipal,RFC
109,1366,City of Bay City - (MI),MI,Municipal,RFC
110,1367,"Bayfield Electric Coop, Inc",WI,Cooperative,MRO
111,1417,"Beartooth Electric Coop, Inc",MT,Cooperative,WECC
112,1427,City of Beatrice - (NE),NE,Municipal,SPP
113,1456,Town of Bedford - (VA),VA,Municipal,RFO
114,1458,"Beauregard Electric Coop, Inc",LA,Cooperative,SERC
115,1523,Town of Belmont - (MA),MA,Municipal,NPCC
116,1525,City of Beloit - (KS),KS,Municipal,SPP
117,1529,"Beltrami Electric Coop, Inc",MN,Cooperative,MRO
118,1566,City of Bennettsville - (SC),SC,Municipal,SERC
119,1572,Badger Power Marketing Authority,WI,Wholesale Power Marketer,RFC
120,1573,City of Benson - (MN),MN,Municipal,MRO
121,1578,Benton County,TN,Municipal,SERC
122,1579,PUD No 1 of Benton County,WA,Political Subdivision,WECC
123,1581,City of Benton - (AR),AR,Municipal,SERC
124,1582,City of Benton - (KY),KY,Municipal,SERC
125,1586,City of Bentonville - (AR),AR,Municipal,SPP
126,1591,"Big Country Electric Coop, Inc",TX,Cooperative,TRE
127,1601,City of Beresford,SD,Municipal,MRO
128,1611,"Linde Energy Services, Inc.",NJ,Retail Power Marketer,RFC
1225,13994,Oglethorpe Power Corporation,GA,Cooperative,SERC
1226,13998,Ohio Edison Co,OH,Investor Owned,RFC
1227,14006,Ohio Power Co,OH,Investor Owned,RFC
1228,14012,"Ohop Mutual Light Company, Inc",WA,Cooperative,WECC
1229,14015,Ohio Valley Electric Corp,OH,Investor Owned,RFC
1230,14055,PUD No 1 of Okanogan County,WA,Political Subdivision,WECC
1231,14062,Oklahoma Electric Coop Inc,OK,Cooperative,SPP
1232,14063,Oklahoma Gas & Electric Co,OK,Investor Owned,SPP
1233,14074,"Okanogan County Elec Coop, Inc",WA,Cooperative,WECC
1234,14077,Oklahoma Municipal Power Authority,OK,State,SPP
1235,14078,City of Okolona,MS,Municipal,SERC
1236,14107,City of Olivia - (MN),MN,Municipal,MRO
1237,14109,"Oregon Trail El Cons Coop, Inc",OR,Cooperative,WECC
1238,14127,Omaha Public Power District,NE,Political Subdivision,MRO
1239,14132,City of Onawa - (IA),IA,Municipal,MRO
1240,14146,City of Opelika - (AL),AL,Municipal,SERC
1241,14154,Orange & Rockland Utils Inc,NY,Investor Owned,NPCC
1242,14159,City of Orange City - (IA),IA,Municipal,MRO
1243,14160,Orange County Rural E M C,IN,Cooperative,RFC
1244,14164,City of Orangeburg - (SC),SC,Municipal,SERC
1245,14170,Orcas Power & Light Coop,WA,Cooperative,WECC
1246,14172,City of Ord - (NE),NE,Municipal,MRO
1247,14175,"Tri-County Electric Coop, Inc",SC,Cooperative,SERC
1248,14178,"P K M Electric Coop, Inc",MN,Cooperative,MRO
1249,14191,South Feather Water and Power Agency,CA,Political Subdivision,WECC
1250,14192,Osage Valley Elec Coop Assn,MO,Cooperative,SERC
1251,14194,City of Orrville - (OH),OH,Municipal,RFC
1252,14199,City of Osage City - (KS),KS,Municipal,SPP
1253,14201,City of Osage - (IA),IA,Municipal,MRO
1254,14202,"Osceola Electric Coop, Inc",IA,Cooperative,MRO
1255,14203,City of Osawatomie - (KS),KS,Municipal,SPP
1256,14216,City of Osceola - (AR),AR,Municipal,SERC
1257,14224,Otero County Electric Coop Inc,NM,Cooperative,WECC
1258,14229,City of Ottawa - (KS),KS,Municipal,SPP
1259,14232,Otter Tail Power Co,MN,Investor Owned,MRO
1260,14238,Ouachita Electric Coop Corp,AR,Cooperative,SERC
1261,14245,Overton Power District No 5,NV,Political Subdivision,WECC
1262,14246,City of Owatonna - (MN),MN,Municipal,MRO
1263,14251,Owen Electric Coop Inc,KY,Cooperative,Not Assigned
1264,14268,City of Owensboro - (KY),KY,Municipal,SERC
1265,14275,City of Oxford - (MS),MS,Municipal,SERC
1266,14285,Ozark Border Electric Coop,MO,Cooperative,SERC
1267,14288,Ozark Electric Coop Inc - (MO),MO,Cooperative,SERC
1268,14289,Ozarks Electric Coop Corp - (AR),AR,Cooperative,SPP
1269,14323,Pacific Northwest Generating Coop,OR,Cooperative,WECC
1270,14324,PUD No 2 of Pacific County,WA,Political Subdivision,WECC
1271,14328,Pacific Gas & Electric Co,CA,Investor Owned,WECC
1272,14349,Iberdrola Renewables LLC,OR,Retail Power Marketer,WECC
1273,14354,PacifiCorp,OR,Investor Owned,WECC
1274,14371,City of Paducah - (KY),KY,Municipal,RFC
1275,14373,Page Utility Enterprises,AZ,Municipal,WECC
1276,14381,City of Painesville,OH,Municipal,RFC
1277,14398,Palmetto Electric Coop Inc,SC,Cooperative,SERC
1278,14401,City of Palo Alto - (CA),CA,Municipal,WECC
1279,14424,"Panola-Harrison Elec Coop, Inc",TX,Cooperative,SPP
1280,14426,Panhandle Rural El Member Assn,NE,Cooperative,WECC
1281,14446,Paragould Light & Water Comm,AR,Municipal,SPP
1282,14455,City of Paris - (TN),TN,Municipal,SERC
1283,14468,People's Cooperative Services,MN,Cooperative,MRO
1284,14471,Parke County Rural E M C,IN,Cooperative,RFC
1285,14500,Park Electric Coop Inc,MT,Cooperative,WECC
1286,14505,Parkland Light & Water Company,WA,Cooperative,WECC
1287,14534,City of Pasadena - (CA),CA,Municipal,WECC
1288,14537,Pascoag Utility District,RI,Municipal,NPCC
1289,14557,"Pee Dee Electric Coop, Inc",SC,Cooperative,SERC
1290,14563,Pearl River Valley El Pwr Assn,MS,Cooperative,SERC
1291,14582,City of Pawhuska - (OK),OK,Municipal,SPP
1292,14599,"Paulding-Putman Elec Coop, Inc",OH,Cooperative,RFC
1293,14600,Payson City Corporation,UT,Municipal,WECC
1294,14602,Pea River Electric Coop,AL,Cooperative,SERC
1295,14605,City of Peabody - (MA),MA,Municipal,NPCC
1296,14606,"Peace River Electric Coop, Inc",FL,Cooperative,FRCC
1297,14610,Orlando Utilities Comm,FL,Municipal,FRCC
1298,14624,PUD No 2 of Grant County,WA,Political Subdivision,WECC
1299,14626,"Pedernales Electric Coop, Inc",TX,Cooperative,TRE
1300,14645,City of Pella - (IA),IA,Municipal,MRO
1301,14649,Planters Electric Member Corp,GA,Cooperative,SERC
1302,14653,PUD No 1 of Pend Oreille County,WA,Political Subdivision,WECC
1303,14668,Peninsula Light Company,WA,Cooperative,WECC
1304,14711,Pennsylvania Electric Co,OH,Investor Owned,RFC
1305,14712,Pemiscot-Dunklin Elec Coop Inc,MO,Cooperative,SERC
1306,14715,PPL Electric Utilities Corp,PA,Investor Owned,RFC
1307,14716,Pennsylvania Power Co,OH,Investor Owned,RFC
1308,14717,Pee Dee Electric Member Corp,NC,Cooperative,SERC
1309,14724,Pennyrile Rural Electric Coop,KY,Cooperative,SERC
1310,14775,People's Electric Cooperative,OK,Cooperative,SPP
1311,14839,City of Peru - (IN),IN,Municipal,RFC
1312,14840,City of Peru - (IL),IL,Municipal,RFC
1313,14856,Petersburg Borough - (AK),AK,Municipal,AK
1314,14857,Pitt & Greene Elec Member Corp,NC,Cooperative,SERC
1315,14864,Petit Jean Electric Coop Corp,AR,Cooperative,SERC
1316,14867,City of Petoskey - (MI),MI,Municipal,RFC
1317,14940,PECO Energy Co,PA,Investor Owned,RFC
1318,14947,City of Philadelphia - (MS),MS,Municipal,SERC
1319,14999,Pilot Power Group Inc,CA,Retail Power Marketer,WECC
1320,15016,Pickwick Electric Coop,TN,Cooperative,SERC
1321,15023,Piedmont Electric Member Corp,NC,Cooperative,SERC
1322,15028,Piedmont Municipal Power Agny,SC,Political Subdivision,SERC
1323,15034,Pierce-Pepin Coop Services,WI,Cooperative,MRO
1324,15039,City of Pierce - (NE),NE,Municipal,MRO
1325,15040,City of Pierre - (SD),SD,Municipal,MRO
1326,15045,Pike County Light & Power Co,NY,Investor Owned,NPCC
1327,15048,Electrical Dist No2 Pinal County,AZ,Political Subdivision,WECC
1328,15049,Electrical Dist No4 Pinal County,AZ,Political Subdivision,WECC
1329,15054,"Pioneer Rural Elec Coop, Inc - (OH)",OH,Cooperative,RFC
1330,15062,Town of Pineville - (NC),NC,Municipal,SERC
1331,15073,"Pioneer Electric Coop, Inc - (KS)",KS,Cooperative,SPP
1332,15086,Pioneer Power and Light Co,WI,Investor Owned,RFC
1333,15095,City of Piqua - (OH),OH,Municipal,RFC
1334,15127,Placer County Water Agency,CA,Political Subdivision,WECC
1335,15138,"Platte-Clay Electric Coop, Inc",MO,Cooperative,SERC
1336,15141,Plateau Electric Cooperative,TN,Cooperative,SERC
1337,15143,Platte River Power Authority,CO,Political Subdivision,WECC
1338,15145,City of Plattsburgh - (NY),NY,Municipal,NPCC
1339,15159,City of Plymouth - (WI),WI,Municipal,MISO
1340,15175,Pointe Coupee Elec Member Corp,LA,Cooperative,SERC
1341,15188,Polk County Rural Pub Pwr Dist,NE,Political Subdivision,MRO
1342,15202,City of Ponca City - (OK),OK,Municipal,SPP
1343,15211,Pontotoc Electric Power Assn,MS,Cooperative,SERC
129,1613,Berkeley Electric Coop Inc,SC,Cooperative,SERC
130,1625,Benton Rural Electric Assn,WA,Cooperative,WECC
131,1640,City of Bessemer Utilities,AL,Municipal,SERC
132,1651,Bethel Utilities Corp,AK,Investor Owned,AK
133,1675,Big Horn Rural Electric Co,WY,Cooperative,WECC
134,1683,"Big Horn County Elec Coop, Inc",MT,Cooperative,WECC
135,1692,Big Rivers Electric Corp,KY,Cooperative,SERC
136,1708,Big Sandy Rural Elec Coop Corp,KY,Cooperative,RFC
137,1723,"Big Bend Electric Coop, Inc",WA,Cooperative,WECC
138,1736,Blachly-Lane County Coop El Assn,OR,Cooperative,WECC
139,1738,Bonneville Power Administration,OR,Federal,WECC
140,1763,"Black River Electric Coop, Inc - (SC)",SC,Cooperative,SERC
141,1764,Black Diamond Power Co,WV,Investor Owned,RFC
142,1769,"Black Hills Electric Coop, Inc",SD,Cooperative,WECC
143,1775,Black River Electric Coop - (MO),MO,Cooperative,SERC
144,1776,City of Black River Falls,WI,Municipal,MISO
145,1780,Black Warrior Elec Member Corp,AL,Cooperative,SERC
146,1818,City of Blaine - (WA),WA,Municipal,WECC
147,1857,Block Island Power Co,RI,Investor Owned,NPCC
148,1869,City of Bloomfield - (IA),IA,Municipal,SERC
149,1883,Blue Earth Light & Water,MN,Municipal,MRO
150,1884,BENCO Electric Cooperative,MN,Cooperative,MRO
151,1886,Blue Grass Energy Coop Corp,KY,Cooperative,RFC
152,1889,Blue Ridge Elec Member Corp - (NC),NC,Cooperative,SERC
153,1890,Blue Ridge Electric Coop Inc - (SC),SC,Cooperative,SERC
154,1891,Blue Ridge Mountain EMC - (GA),GA,Cooperative,SERC
155,1892,"Bluebonnet Electric Coop, Inc",TX,Cooperative,TRE
156,1896,City of Bluffton - (IN),IN,Municipal,RFC
157,1898,"Bon Homme Yankton El Assn, Inc",SD,Cooperative,MRO
158,1913,City of Boerne,TX,Municipal,TRE
159,1936,Bolivar Energy Authority,TN,Municipal,SERC
160,1997,City of Boscobel - (WI),WI,Municipal,MISO
161,2001,Boone Electric Coop,MO,Cooperative,SERC
162,2008,City of Boulder City - (NV),NV,Municipal,WECC
163,2010,City of Bountiful,UT,Municipal,WECC
164,2049,"Bowie-Cass Electric Coop, Inc",TX,Cooperative,SPP
165,2054,City of Bowling Green - (OH),OH,Municipal,RFC
166,2056,City of Bowling Green - (KY),KY,Municipal,SERC
167,2089,Bozrah Light & Power Company,CT,Municipal,NPCC
168,2138,Brainerd Public Utilities,MN,Municipal,MRO
169,2144,Town of Braintree - (MA),MA,Municipal,NPCC
170,2152,Powerex Corporation,CN,Wholesale Power Marketer,WECC
171,2172,Brazos Electric Power Coop Inc,TX,Cooperative,TRE
172,2182,City of Breckenridge- (MN),MN,Municipal,MRO
173,2192,Bremen Electric Light & Power Co,IN,Municipal,RFC
174,2194,City of Brenham - (TX),TX,Municipal,TRE
175,2206,City of Brewster - (MN),MN,Municipal,MRO
176,2212,"Broad River Electric Coop, Inc",SC,Cooperative,SERC
177,2215,"Bridger Valley Elec Assn, Inc",WY,Cooperative,WECC
178,2220,Brigham City Corporation,UT,Municipal,WECC
179,2247,City of Bristol - (TN),TN,Municipal,SERC
180,2248,Bristol Virginia Utilities,VA,Municipal,SERC
181,2273,Brodhead Water & Lighting Comm,WI,Municipal,MISO
182,2277,City of Broken Bow - (NE),NE,Municipal,MRO
183,2285,City of Brookings - (SD),SD,Municipal,MRO
184,2316,Brown County Rural Elec Assn,MN,Cooperative,MRO
185,2354,Brown-Atchison E C A Inc,KS,Cooperative,SPP
186,2394,Burke-Divide Electric Coop Inc,ND,Cooperative,MRO
187,2409,Brownsville Public Utilities Board,TX,Municipal,TRE
188,2411,City of Brownsville,TN,Municipal,SERC
189,2439,City of Bryan - (OH),OH,Municipal,RFC
190,2442,City of Bryan - (TX),TX,Municipal,TRE
191,2481,Cargill Power Markets LLC,MN,Wholesale Power Marketer,MRO
192,2485,City of Buffalo - (MN),MN,Municipal,MRO
193,2487,City of Buford,GA,Municipal,SERC
194,2502,"Buckeye Rural Elec Coop, Inc",OH,Cooperative,RFC
195,2507,City of Burbank Water and Power,CA,Municipal,WECC
196,2545,City of Burley - (ID),ID,Municipal,WECC
197,2548,City of Burlington Electric - (VT),VT,Municipal,NPCC
198,2551,City of Burlington - (KS),KS,Municipal,SPP
199,2599,Burt County Public Power Dist,NE,Political Subdivision,MRO
200,2641,"Butler Rural El Coop Assn, Inc - (KS)",KS,Cooperative,SPP
201,2643,Butler Public Power District - (NE),NE,Political Subdivision,MRO
202,2650,Borough of Butler - (NJ),NJ,Municipal,RFC
203,2651,Butler Rural Electric Coop Inc - (OH),OH,Cooperative,RFC
204,2652,Butler County Rural Elec Coop - (IA),IA,Cooperative,MRO
205,2655,"Butte Electric Coop, Inc",SD,Cooperative,MRO
206,2678,C & L Electric Coop Corp,AR,Cooperative,SPP
207,2773,City of Cairo - (GA),GA,Municipal,SERC
208,2774,CMS Electric Coop Inc,KS,Cooperative,SPP
209,2812,City of Calhoun - (GA),GA,Municipal,SERC
210,2830,Calpine Power America LLC,TX,Retail Power Marketer,TRE
211,2842,CP Power Sales Seventeen LLC,MA,Wholesale Power Marketer,ISONE
212,2849,Central Electric Power Assn - (MS),MS,Cooperative,SERC
213,2857,Calpine Energy Services LP,TX,Wholesale Power Marketer,Not Assigned
214,2888,City of Cambridge - (NE),NE,Municipal,MRO
215,2890,City of Camden,SC,Municipal,SERC
216,2900,City of Cameron,MO,Municipal,SERC
217,2903,Canoochee Electric Member Corp,GA,Cooperative,SERC
218,2910,City of Camilla,GA,Municipal,SERC
219,2911,"Canadian Valley Elec Coop, Inc",OK,Cooperative,SPP
220,2955,Canby Utility Board,OR,Municipal,WECC
221,2960,"Caney Fork Electric Coop, Inc",TN,Cooperative,SERC
222,2961,"Caney Valley El Coop Assn, Inc",KS,Cooperative,SPP
223,2974,Canton Municipal Utilities,MS,Municipal,SERC
224,2982,Cape Hatteras Elec Member Corp,NC,Cooperative,SERC
225,2985,"Capital Electric Coop, Inc",ND,Cooperative,MRO
226,2986,"Cam Wal Electric Coop, Inc",SD,Cooperative,MRO
227,2998,"Carbon Power & Light, Inc",WY,Cooperative,WECC
228,3046,Duke Energy Progress - (NC),NC,Investor Owned,SERC
229,3075,Carroll County - (TN),TN,Municipal,SERC
230,3076,"Carroll Electric Coop, Inc - (OH)",OH,Cooperative,RFC
231,3081,Carroll Electric Member Corp - (GA),GA,Cooperative,SERC
232,3093,Carroll Electric Coop Corp - (AR),AR,Cooperative,SPP
233,3107,Carteret-Craven El Member Corp,NC,Cooperative,SERC
234,3108,City of Cartersville - (GA),GA,Municipal,SERC
235,3113,City of Carthage - (MO),MO,Municipal,SPP
236,3203,Cedar Falls Utilities,IA,Municipal,MRO
237,3205,Cedar-Knox Public Power Dist,NE,Political Subdivision,MRO
238,3208,Cedarburg Light & Water Comm,WI,Municipal,MISO
239,3216,City of Celina - (OH),OH,Municipal,RFC
240,3222,Central Alabama Electric Coop,AL,Cooperative,SERC
241,3226,"Central Rural Electric Cooperative, Inc",OK,Cooperative,SPP
242,3235,City of Central City,NE,Municipal,MRO
243,3236,"Central Electric Coop, Inc - (SD)",SD,Cooperative,MRO
244,3240,Central Electric Coop Inc - (OR),OR,Cooperative,WECC
245,3242,Central Electric Power Coop - (MO),MO,Cooperative,SERC
246,3245,"Central Florida Elec Coop, Inc",FL,Cooperative,FRCC
247,3248,Central Georgia El Member Corp,GA,Cooperative,SERC
248,3249,Central Hudson Gas & Elec Corp,NY,Investor Owned,NPCC
1344,15229,City of Poplar Bluff - (MO),MO,Municipal,SPP
1345,15231,City of Port Angeles - (WA),WA,Municipal,WECC
1346,15248,Portland General Electric Co,OR,Investor Owned,WECC
1347,15257,"Poudre Valley R  E  A, Inc",CO,Cooperative,WECC
1348,15263,The Potomac Edison Company,PA,Investor Owned,RFC
1349,15270,Potomac Electric Power Co,DC,Investor Owned,RFC
1350,15291,Prairie Energy Coop,IA,Cooperative,MRO
1351,15293,Powell Valley Electric Coop,TN,Cooperative,SERC
1352,15296,New York Power Authority,NY,State,NPCC
1353,15308,Plumas-Sierra Rural Elec Coop,CA,Cooperative,WECC
1354,15311,Prague Public Works Authority,OK,Municipal,SPP
1355,15312,Village of Prairie Du Sac - (WI),WI,Municipal,MISO
1356,15321,City of Pratt- (KS),KS,Municipal,SPP
1357,15334,Prentiss County Elec Pwr Assn,MS,Cooperative,SERC
1358,15340,Presque Isle Elec & Gas Coop,MI,Cooperative,RFC
1359,15344,Polk-Burnett Electric Coop,WI,Cooperative,MRO
1360,15349,City of Preston,IA,Municipal,MISO
1361,15356,Price Electric Coop Inc,WI,Cooperative,MRO
1362,15386,City of Princeton - (KY),KY,Municipal,SERC
1363,15387,Princeton Public Utils Comm,MN,Municipal,MRO
1364,15388,City of Princeton - (IL),IL,Municipal,SERC
1365,15410,Prince George Electric Coop,VA,Cooperative,SERC
1366,15419,PUD No 3 of Mason County,WA,Political Subdivision,WECC
1367,15444,Provo City Corp,UT,Municipal,WECC
1368,15462,City of Pryor - (OK),OK,Municipal,SPP
1369,15466,Public Service Co of Colorado,CO,Investor Owned,WECC
1370,15470,Duke Energy Indiana Inc,IN,Investor Owned,RFC
1371,15472,Public Service Co of NH,NH,Investor Owned,NPCC
1372,15473,Public Service Co of NM,NM,Investor Owned,WECC
1373,15474,Public Service Co of Oklahoma,OK,Investor Owned,SPP
1374,15477,Public Service Elec & Gas Co,NJ,Investor Owned,RFC
1375,15500,Puget Sound Energy Inc,WA,Investor Owned,WECC
1376,15507,City of Pulaski - (TN),TN,Municipal,SERC
1377,15541,Borough of Quakertown - (PA),PA,Municipal,RFC
1378,15566,City of Quincy - (FL),FL,Municipal,FRCC
1379,15619,City of Radford - (VA),VA,Municipal,RFC
1380,15621,"Radiant Electric Coop, Inc",KS,Cooperative,SPP
1381,15671,Randolph Electric Member Corp,NC,Cooperative,SERC
1382,15672,Ralls County Electric Coop,MO,Cooperative,SERC
1383,15686,Village of Rantoul - (IL),IL,Municipal,RFC
1384,15700,Rayle Electric Membership Corp,GA,Cooperative,SERC
1385,15711,Rainbow Energy Marketing Corp,ND,Wholesale Power Marketer,MRO
1386,15746,Red River Valley Rrl Elec Assn,OK,Cooperative,SPP
1387,15748,Town of Reading - (MA),MA,Municipal,NPCC
1388,15750,Redwood Electric Coop,MN,Cooperative,MRO
1389,15776,Reedy Creek Improvement Dist,FL,Municipal,FRCC
1390,15783,City of Redding - (CA),CA,Municipal,WECC
1391,15787,Redlands Water & Power Company,CO,Investor Owned,WECC
1392,15793,Redwood Falls Public Util Comm,MN,Municipal,MRO
1393,15804,Reedsburg Utility Comm,WI,Municipal,MISO
1394,15811,"Rich Mountain Elec Coop, Inc",AR,Cooperative,SERC
1395,15845,Renville-Sibley Coop Pwr Assn,MN,Cooperative,MRO
1396,15846,City of Remsen - (IA),IA,Municipal,MRO
1397,15847,Reliant Energy Retail Services,TX,Retail Power Marketer,TRE
1398,15860,City of Rensselaer - (IN),IN,Municipal,RFC
1399,15938,Rice Lake Utilities,WI,Municipal,MRO
1400,15978,City of Richland Center - (WI),WI,Municipal,MISO
1401,15979,City of Richland - (WA),WA,Municipal,WECC
1402,15989,City of Richmond - (IN),IN,Municipal,RFC
1403,16057,"Rio Grande Electric Coop, Inc",TX,Cooperative,TRE
1404,16060,Riverland Energy Cooperative,WI,Cooperative,MRO
1405,16063,"Rita Blanca Electric Coop, Inc",TX,Cooperative,SPP
1406,16082,City of River Falls,WI,Municipal,MISO
1407,16088,City of Riverside - (CA),CA,Municipal,WECC
1408,16101,Roanoke Electric Member Corp,NC,Cooperative,SERC
1409,16146,"Navasota Valley Elec Coop, Inc",TX,Cooperative,TRE
1410,16164,Roosevelt Public Power Dist,NE,Political Subdivision,WECC
1411,16177,"Robison Energy, LLC",NY,Retail Power Marketer,NY
1412,16179,Rochelle Municipal Utilities,IL,Municipal,RFC
1413,16181,Rochester Public Utilities,MN,Municipal,MRO
1414,16183,Rochester Gas & Electric Corp,NY,Investor Owned,NPCC
1415,16195,City of Rock Hill - (SC),SC,Municipal,SERC
1416,16196,Rock Energy Cooperative,WI,Cooperative,MRO
1417,16206,Rock Rapids Municipal Utility,IA,Municipal,MRO
1418,16213,Rockland Electric Co,NY,Investor Owned,NPCC
1419,16217,Village of Rockville Centre - (NY),NY,Municipal,NPCC
1420,16223,City of Rockwood - (TN),TN,Municipal,SERC
1421,16226,City of Rocky Mount - (NC),NC,Municipal,SERC
1422,16259,City of Rolla - (MO),MO,Municipal,SERC
1423,16267,Rolling Hills Electric Coop,KS,Cooperative,SPP
1424,16284,"Roseau Electric Coop, Inc",MN,Cooperative,MRO
1425,16286,Rosebud Electric Coop Inc,SD,Cooperative,MRO
1426,16295,City of Roseville - (CA),CA,Municipal,WECC
1427,16325,Village of Rouses Point - (NY),NY,Municipal,NPCC
1428,16368,Runestone Electric Assn,MN,Cooperative,MRO
1429,16382,"Rural Electric Coop, Inc",OK,Cooperative,SPP
1430,16416,City of Rupert - (ID),ID,Municipal,WECC
1431,16420,Rural Electric Conven Coop,IL,Cooperative,RFC
1432,16440,City of Russell - (KS),KS,Municipal,SPP
1433,16443,Rushmore Electric Pwr Coop Inc,SD,Cooperative,MRO
1434,16458,City of Russellville - (AL),AL,Municipal,SERC
1435,16459,City of Russellville - (KY),KY,Municipal,SERC
1436,16461,"Rusk County Electric Coop, Inc",TX,Cooperative,SPP
1437,16463,City of Ruston - (LA),LA,Municipal,SERC
1438,16496,Rutherford Elec Member Corp,NC,Cooperative,SERC
1439,16511,Sac-Osage Electric Coop Inc,MO,Cooperative,SERC
1440,16518,City of Sabetha - (KS),KS,Municipal,SPP
1441,16534,Sacramento Municipal Util Dist,CA,Political Subdivision,WECC
1442,16537,Safe Harbor Water Power Corp,PA,Investor Owned,RFC
1443,16549,City of Salamanca - (NY),NY,Municipal,NPCC
1444,16555,Salem Electric - (OR),OR,Cooperative,WECC
1445,16558,City of Salem - (VA),VA,Municipal,RFC
1446,16561,City of Sallisaw - (OK),OK,Municipal,SPP
1447,16565,Salmon River Electric Coop Inc,ID,Cooperative,WECC
1448,16572,Salt River Project,AZ,Political Subdivision,WECC
1449,16587,Salt River Electric Coop Corp,KY,Cooperative,RFC
1450,16603,"San Luis Valley R E C, Inc",CO,Cooperative,WECC
1451,16604,City of San Antonio - (TX),TX,Municipal,TRE
1452,16606,"Santee Electric Coop, Inc",SC,Cooperative,SERC
1453,16609,San Diego Gas & Electric Co,CA,Investor Owned,WECC
1454,16611,Access Energy Coop,IA,Cooperative,SERC
1455,16612,City & County of San Francisco,CA,Municipal,WECC
1456,16613,Sam Houston Electric Coop Inc,TX,Cooperative,SERC
1457,16616,"San Isabel Electric Assn, Inc",CO,Cooperative,WECC
1458,16622,"San Miguel Power Assn, Inc",CO,Cooperative,WECC
1459,16624,"San Miguel Electric Coop, Inc",TX,Cooperative,TRE
1460,16627,San Patricio Electric Coop Inc,TX,Cooperative,TRE
1461,16628,City of Sanborn - (IA),IA,Municipal,MRO
1462,16629,Sand Mountain Electric Coop,AL,Cooperative,SERC
1463,16638,"San Bernard Electric Coop, Inc",TX,Cooperative,TRE
249,3250,Central Electric Membership Corp. - (NC),NC,Cooperative,SERC
250,3255,California Dept. of  Water Resources,CA,State,WECC
251,3258,Central Iowa Power Cooperative,IA,Cooperative,MRO
252,3264,Central Lincoln People's Ut Dt,OR,Political Subdivision,WECC
253,3265,Cleco Power LLC,LA,Investor Owned,SPP
254,3266,Central Maine Power Co,ME,Investor Owned,NPCC
255,3268,Central Missouri Elec Coop Inc,MO,Cooperative,SERC
256,3271,Central Nebraska Pub P&I Dist,NE,Political Subdivision,MRO
257,3273,"Central New Mexico El Coop, Inc",NM,Cooperative,WECC
258,3278,AEP Texas Central Company,OK,Investor Owned,TRE
259,3279,"Central Power Elec Coop, Inc",ND,Cooperative,MRO
260,3282,"Central Texas Elec Coop, Inc",TX,Cooperative,ERCOT
261,3287,"Central Valley Elec Coop, Inc",NM,Cooperative,SPP
262,3288,Electric Power Fund (CDWR),CA,State,WECC
263,3291,Central Virginia Electric Coop,VA,Cooperative,SERC
264,3293,Central Wisconsin Elec Coop,WI,Cooperative,RFC
265,3295,City of Centralia - (WA),WA,Municipal,WECC
266,3314,"Chariton Valley Elec Coop, Inc",IA,Cooperative,SERC
267,3315,"Charles Mix Electric Assn, Inc",SD,Cooperative,MRO
268,3329,Borough of Chambersburg,PA,Municipal,RFC
269,3355,City of Chanute,KS,Municipal,SPP
270,3390,"Caddo Electric Coop, Inc",OK,Cooperative,SPP
271,3400,City of Chaska - (MN),MN,Municipal,MRO
272,3408,City of Chattanooga - (TN),TN,Municipal,SERC
273,3413,PUD No 1 of Chelan County,WA,Political Subdivision,WECC
274,3420,City of Cheney - (WA),WA,Municipal,WECC
275,3426,Cherokee Electric Coop,AL,Cooperative,SERC
276,3435,"Cherry-Todd Electric Coop, Inc",SD,Cooperative,MRO
277,3436,Cherryland Electric Coop Inc,MI,Cooperative,RFC
278,3461,Cheyenne Light Fuel & Power Co,WY,Investor Owned,WECC
279,3470,Cherokee County Elec Coop Assn,TX,Cooperative,TRE
280,3475,City of Chickamauga,GA,Municipal,SERC
281,3477,City of Chicopee - (MA),MA,Municipal,NPCC
282,3478,Cimarron Electric Coop,OK,Cooperative,SPP
283,3486,Chillicothe Municipal Utils,MO,Municipal,SPP
284,3495,Chimney Rock Public Power Dist,NE,Political Subdivision,MRO
285,3498,Chippewa Valley Electric Coop,WI,Cooperative,MRO
286,3502,"Choctawhatche Elec Coop, Inc",FL,Cooperative,SERC
287,3503,"Choptank Electric Coop, Inc",MD,Cooperative,RFC
288,3519,Central Minnesota Municipal Power Agency,MN,Political Subdivision,MRO
289,3522,Chugach Electric Assn Inc,AK,Cooperative,AK
290,3527,Choctaw Electric Coop Inc,OK,Cooperative,SPP
291,3539,CinCap V LLC,IN,Wholesale Power Marketer,RFC
292,3542,Duke Energy Ohio Inc,OH,Investor Owned,RFC
293,3570,CL Power Sales Eight LLC,MA,Wholesale Power Marketer,Not Assigned
294,3579,"Cirro Group, Inc.",TX,Retail Power Marketer,ERCOT
295,3597,Citizens Electric Co - (PA),PA,Investor Owned,RFC
296,3600,Citizens Electric Corporation - (MO),MO,Cooperative,SERC
297,3601,Edison Mission Marketing & Trading,MA,Wholesale Power Marketer,Not Assigned
298,3634,City of Nixa - (MO),MO,Municipal,SPP
299,3641,"Claiborne Electric Coop, Inc",LA,Cooperative,SERC
300,3644,PUD No 1 of Clallam County,WA,Political Subdivision,WECC
301,3647,City of Claremore,OK,Municipal,SPP
302,3660,PUD No 1 of Clark County - (WA),WA,Political Subdivision,WECC
303,3687,Clark Energy Coop Inc - (KY),KY,Cooperative,SERC
304,3701,Clark Electric Coop - (WI),WI,Cooperative,MRO
305,3702,Clarksdale Public Utilities,MS,Municipal,SERC
306,3704,City of Clarksville - (TN),TN,Municipal,SERC
307,3705,Clarksville Light & Water Co,AR,Municipal,SPP
308,3710,City of Clay Center - (KS),KS,Municipal,SPP
309,3712,Clay County Electric Coop Corp,AR,Cooperative,SERC
310,3716,Clay-Union Electric Corp,SD,Cooperative,MRO
311,3722,Clarke Electric Coop Inc - (IA),IA,Cooperative,RFC
312,3731,Town of Clayton,NC,Municipal,SERC
313,3732,Town of Clayton,DE,Municipal,RFC
314,3739,Clearwater Power Company,ID,Cooperative,WECC
315,3755,Cleveland Electric Illum Co,OH,Investor Owned,RFC
316,3757,"Clay Electric Cooperative, Inc",FL,Cooperative,FRCC
317,3758,City of Cleveland - (TN),TN,Municipal,SERC
318,3762,City of Cleveland - (OH),OH,Municipal,RFC
319,3763,Dominion Retail Inc,PA,Retail Power Marketer,RFC
320,3764,Clearwater-Polk Elec Coop Inc,MN,Cooperative,MRO
321,3774,City of Clewiston,FL,Municipal,FRCC
322,3804,Clinton Combined Utility Sys,SC,Municipal,SERC
323,3806,"Clinton County Elec Coop, Inc",IL,Cooperative,RFC
324,3812,City of Clinton - (TN),TN,Municipal,SERC
325,3814,City of Clintonville - (WI),WI,Municipal,MRO
326,3824,Clyde Light & Power,OH,Municipal,RFC
327,3828,Cloverland Electric Co-op,MI,Cooperative,RFC
328,3839,Coahoma Electric Power Assn,MS,Cooperative,SERC
329,3841,Coast Electric Power Assn,MS,Cooperative,SERC
330,3843,Coastal Electric Member Corp,GA,Cooperative,SERC
331,3844,"Coastal Electric Coop, Inc",SC,Cooperative,SERC
332,3850,"Codington-Clark Elec Coop, Inc",SD,Cooperative,MRO
333,3855,Columbia Power System,TN,Municipal,SERC
334,3881,City of Cody,WY,Municipal,WECC
335,3892,City of Coffeyville - (KS),KS,Municipal,SPP
336,3913,City of Colby - (KS),KS,Municipal,SPP
337,3915,Coldwater Board of Public Util,MI,Municipal,RFC
338,3916,Cobb Electric Membership Corp,GA,Cooperative,SERC
339,3931,Coles-Moultrie Electric Coop,IL,Cooperative,SERC
340,3938,"Coleman County Elec Coop, Inc",TX,Cooperative,TRE
341,3939,City of College Park - (GA),GA,Municipal,SERC
342,3940,City of College Station - (TX),TX,Municipal,TRE
343,3989,City of Colorado Springs - (CO),CO,Municipal,WECC
344,3991,CMS Energy Resource Management,MI,Retail Power Marketer,RFC
345,4003,City of Colton - (CA),CA,Municipal,WECC
346,4005,"Columbia Basin Elec Cooperative, Inc",OR,Cooperative,WECC
347,4007,City of Columbia City - (IN),IN,Municipal,RFC
348,4008,Columbia Power Coop Assn Inc,OR,Cooperative,WECC
349,4040,Calhoun County Elec Coop Assn,IA,Cooperative,MRO
350,4041,"Columbia Rural Elec Assn, Inc",WA,Cooperative,WECC
351,4045,City of Columbia - (MO),MO,Municipal,SERC
352,4063,Co-Mo Electric Coop Inc,MO,Cooperative,SERC
353,4065,City of Columbus - (OH),OH,Municipal,RFC
354,4068,City of Columbus - (MS),MS,Municipal,SERC
355,4071,"Columbus Electric Coop, Inc",NM,Cooperative,WECC
356,4073,City of Columbus - (WI),WI,Municipal,MISO
357,4100,"Commerce Energy, Inc.",CA,Retail Power Marketer,WECC
358,4110,Commonwealth Edison Co,IL,Investor Owned,RFC
359,4117,Community Electric Coop,VA,Cooperative,SERC
360,4146,Concho Valley Elec Coop Inc,TX,Cooperative,TRE
361,4147,Town of Concord - (MA),MA,Municipal,NPCC
362,4150,City of Concord - (NC),NC,Municipal,SERC
363,4153,"Concordia Electric Coop, Inc",LA,Cooperative,SERC
364,4160,Callaway Electric Cooperative,MO,Cooperative,SERC
365,4166,"CECG Maine, LLC",MD,Retail Power Marketer,RFC
366,4176,Connecticut Light & Power Co,CT,Investor Owned,NPCC
367,4180,Connecticut Mun Elec Engy Coop,CT,Municipal Mktg Authority,NPCC
368,4191,Consolidated Edison Sol Inc,NY,Retail Power Marketer,Not Assigned
1464,16649,Sangre De Cristo Elec Assn Inc,CO,Cooperative,WECC
1465,16655,City of Santa Clara - (CA),CA,Municipal,WECC
1466,16674,Satilla Rural Elec Member Corporation,GA,Cooperative,SERC
1467,16679,City of Sauk Centre - (MN),MN,Municipal,MRO
1468,16740,Scenic Rivers Energy Coop,WI,Cooperative,MRO
1469,16751,Three Rivers Electric Coop,MO,Cooperative,SERC
1470,16759,"Sheridan Electric Coop, Inc",MT,Cooperative,MRO
1471,16778,City of Schuyler - (NE),NE,Municipal,MRO
1472,16805,SEMO Electric Cooperative,MO,Cooperative,SERC
1473,16821,Sam Rayburn Municipal Pwr Agny,TX,Political Subdivision,SERC
1474,16829,City of Scottsboro,AL,Municipal,SERC
1475,16830,City of Scottsburg - (IN),IN,Municipal,RFC
1476,16840,Noble Americas Energy Solutions LLC,CA,Retail Power Marketer,WECC
1477,16851,SE-MA-NO Electric Coop,MO,Cooperative,SERC
1478,16852,City of Seaford- (DE),DE,Municipal,RFC
1479,16854,"Heartland Rural Elec Coop, Inc",KS,Cooperative,SPP
1480,16865,Sawnee Electric Membership Corporation,GA,Cooperative,SERC
1481,16868,City of Seattle - (WA),WA,Municipal,WECC
1482,16900,City of Seguin - (TX),TX,Municipal,TRE
1483,16920,Sedgwick County El Coop Assn Inc,KS,Cooperative,SPP
1484,16921,City of Seneca - (SC),SC,Municipal,SERC
1485,16922,City of Seneca - (KS),KS,Municipal,SPP
1486,16930,Sequachee Valley Electric Coop,TN,Cooperative,SERC
1487,16932,City of Sergeant Bluff - (IA),IA,Municipal,MRO
1488,16949,Sevier County Electric System,TN,Municipal,SERC
1489,16953,City of Seward - (NE),NE,Municipal,MRO
1490,16954,Seward County Rrl Pub Pwr Dist,NE,Political Subdivision,SPP
1491,16955,City of Seward - (AK),AK,Municipal,AK
1492,16971,Shakopee Public Utilities Comm,MN,Municipal,MRO
1493,17008,Sharyland Utilities LP,TX,Investor Owned,TRE
1494,17011,Shawano Municipal Utilities,WI,Municipal,RFC
1495,17028,City of Sheboygan Falls - (WI),WI,Municipal,RFC
1496,17033,Sheffield Utilities,AL,Municipal,SERC
1497,17037,City of Shelby - (NC),NC,Municipal,SERC
1498,17038,RushShelby Energy,IN,Cooperative,RFC
1499,17040,"Shelby Electric Coop, Inc",IL,Cooperative,RFC
1500,17043,City of Shelby - (OH),OH,Municipal,RFC
1501,17044,"Shelby Energy Co-op, Inc",KY,Cooperative,SERC
1502,17047,City of Shelbyville - (TN),TN,Municipal,SERC
1503,17066,Shenandoah Valley Elec Coop,VA,Cooperative,SERC
1504,17106,Sho-Me Power Electric Coop,MO,Cooperative,SERC
1505,17127,Town of Shrewsbury - (MA),MA,Municipal,NPCC
1506,17141,City of Sibley - (IA),IA,Municipal,MRO
1507,17149,City of Sidney - (NE),NE,Municipal,WECC
1508,17166,Sierra Pacific Power Co,NV,Investor Owned,WECC
1509,17177,City of Sikeston - (MO),MO,Municipal,SPP
1510,17184,City of Siloam Springs - (AR),AR,Municipal,SPP
1511,17252,Singing River Elec Pwr Assn,MS,Cooperative,SERC
1512,17260,North West Rural Electric Coop,IA,Cooperative,MRO
1513,17261,Slope Electric Coop Inc,ND,Cooperative,MRO
1514,17264,City of Sioux Center,IA,Municipal,MRO
1515,17265,City of Sioux Falls - (SD),SD,Municipal,MRO
1516,17267,Sioux Valley SW Elec Coop,SD,Cooperative,MRO
1517,17271,City & Borough of Sitka - (AK),AK,Municipal,AK
1518,17279,PUD No 1 of Skamania Co,WA,Political Subdivision,WECC
1519,17290,Slash Pine Elec Member Corp,GA,Cooperative,SERC
1520,17320,Sleepy Eye Public Utility Comm,MN,Municipal,MRO
1521,17324,Slinger Utilities,WI,Municipal,MISO
1522,17451,Town of Smithfield - (NC),NC,Municipal,SERC
1523,17452,City of Smithville - (TN),TN,Municipal,SERC
1524,17457,Town of Smyrna - (DE),DE,Municipal,RFC
1525,17470,PUD 1 of Snohomish County,WA,Political Subdivision,WECC
1526,17492,"Socorro Electric Coop, Inc",NM,Cooperative,WECC
1527,17512,Village of Solvay - (NY),NY,Municipal,NPCC
1528,17513,Southern California P P A,CA,Political Subdivision,WECC
1529,17534,"South Alabama Elec Coop, Inc",AL,Cooperative,SERC
1530,17539,South Carolina Electric&Gas Company,SC,Investor Owned,SERC
1531,17540,"South Central Ark El Coop, Inc",AR,Cooperative,SERC
1532,17543,South Carolina Public Service Authority,SC,State,SERC
1533,17548,South Central Public Pwr Dist,NE,Political Subdivision,MRO
1534,17549,South Jersey Energy Company,NJ,Retail Power Marketer,RFC
1535,17550,South Central Electric Assn,MN,Cooperative,MRO
1536,17554,"South Carolina Genertg Co, Inc",SC,Investor Owned,SERC
1537,17560,Town of South Hadley - (MA),MA,Municipal,NPCC
1538,17561,South Plains Electric Coop Inc,TX,Cooperative,TRE
1539,17562,City of South Haven - (MI),MI,Municipal,RFC
1540,17564,South Kentucky Rural E C C,KY,Cooperative,RFC
1541,17565,South Louisiana Elec Coop Assn,LA,Cooperative,SERC
1542,17568,South Mississippi El Pwr Assn,MS,Cooperative,SERC
1543,17569,City of South Norwalk - (CT),CT,Municipal,NPCC
1544,17572,South River Elec Member Corp,NC,Cooperative,SERC
1545,17577,City of South Sioux City,NE,Municipal,MRO
1546,17583,"South Texas Electric Coop, Inc",TX,Cooperative,TRE
1547,17585,"Southeastern IL Elec Coop, Inc",IL,Cooperative,RFC
1548,17592,Southeast Colorado Power Assn,CO,Cooperative,WECC
1549,17599,Southeastern Indiana R E M C,IN,Cooperative,RFC
1550,17603,Southeastern Electric Coop Inc - (OK),OK,Cooperative,SPP
1551,17609,Southern California Edison Co,CA,Investor Owned,WECC
1552,17612,Bear Valley Electric Service,CA,Investor Owned,WECC
1553,17622,Southern Electric Gen Co,AL,Investor Owned,SERC
1554,17631,Southern Illinois Elec Coop,IL,Cooperative,RFC
1555,17632,Southern Illinois Power Coop,IL,Cooperative,SERC
1556,17633,Southern Indiana Gas & Elec Co,IN,Investor Owned,RFC
1557,17637,Southern Maryland Elec Coop Inc,MD,Cooperative,RFC
1558,17642,Southern Public Power District,NE,Political Subdivision,MRO
1559,17643,"Southern Iowa Elec Coop, Inc",IA,Cooperative,SERC
1560,17646,"Southern Pine Elec Coop, Inc",AL,Cooperative,SERC
1561,17647,Southern Pine Elec Power Assn,MS,Cooperative,SERC
1562,17671,Southwest Arkansas E C C,AR,Cooperative,SERC
1563,17681,Southwest Rural Elec Assn Inc,OK,Cooperative,SPP
1564,17683,Southwest Mississippi E P A,MS,Cooperative,SERC
1565,17684,Southwest Louisiana E M C,LA,Cooperative,SERC
1566,17692,Southwest Public Power Dist,NE,Political Subdivision,MRO
1567,17693,"Southwest Texas Elec Coop, Inc",TX,Cooperative,TRE
1568,17694,Southwest Tennessee E M C,TN,Cooperative,SERC
1569,17697,Southwestern Electric Coop Inc - (IL),IL,Cooperative,SERC
1570,17698,Southwestern Electric Power Co,OK,Investor Owned,SPP
1571,17710,"Spark Energy, LP",TX,Retail Power Marketer,TRE
1572,17715,Southwestern Electric Coop Inc - (NM),NM,Cooperative,WECC
1573,17716,Southwestern Power Administration,OK,Federal,SPP
1574,17718,Southwestern Public Service Co,TX,Investor Owned,SPP
1575,17732,Spanish Fork City Corporation,UT,Municipal,WECC
1576,17740,City of Sparta,TN,Municipal,SERC
1577,17783,City of Spencer - (IA),IA,Municipal,MRO
1578,17826,"Springer Electric Coop, Inc",NM,Cooperative,WECC
1579,17828,City of Springfield - (IL),IL,Municipal,SERC
1580,17829,City of Springfield - (TN),TN,Municipal,SERC
1581,17832,Snapping Shoals El Member Corp,GA,Cooperative,SERC
369,4226,Consolidated Edison Co-NY Inc,NY,Investor Owned,NPCC
370,4237,Consolidated Electric Coop,MO,Cooperative,SERC
371,4247,Consolidated Water Power Co,WI,Investor Owned,RFC
372,4254,Consumers Energy Co,MI,Investor Owned,RFC
373,4262,Cooke County Elec Coop Assn,TX,Cooperative,TRE
374,4265,Continental Divide El Coop Inc,NM,Cooperative,WECC
375,4280,Conway Corporation,AR,Municipal,SERC
376,4294,City of Cookeville - (TN),TN,Municipal,SERC
377,4295,Comanche County Elec Coop Assn,TX,Cooperative,TRE
378,4296,"Cookson Hills Elec Coop, Inc",OK,Cooperative,SPP
379,4317,"Coos-Curry Electric Coop, Inc",OR,Cooperative,WECC
380,4327,Coosa Valley Electric Coop Inc,AL,Cooperative,SERC
381,4329,"Copper Valley Elec Assn, Inc",AK,Cooperative,AK
382,4346,Cooperative L&P Assn Lake County,MN,Cooperative,MRO
383,4356,Colorado River Comm of Nevada,NV,State,WECC
384,4362,Corn Belt Energy Corporation,IL,Cooperative,RFC
385,4363,Corn Belt Power Coop,IA,Cooperative,MRO
386,4373,Cornhusker Public Power Dist,NE,Political Subdivision,MRO
387,4390,City of Corona - (CA),CA,Municipal,WECC
388,4401,"Cotton Electric Coop, Inc",OK,Cooperative,SPP
389,4410,"Shell Energy North America (US), L.P.",TX,Retail Power Marketer,TRE
390,4430,"Covington Electric Coop, Inc",AL,Cooperative,SERC
391,4432,Coweta-Fayette El Member Corp,GA,Cooperative,SERC
392,4433,City of Covington - (GA),GA,Municipal,SERC
393,4437,City of Covington - (TN),TN,Municipal,SERC
394,4442,PUD No 1 of Cowlitz County,WA,Political Subdivision,WECC
395,4459,Cozad Board of Public Works,NE,Municipal,MRO
396,4471,Craig-Botetourt Electric Coop,VA,Cooperative,RFC
397,4508,"Crawfordsville Elec, Lgt & Pwr",IN,Municipal,RFC
398,4509,Craighead Electric Coop Corp,AR,Cooperative,SERC
399,4524,"Crawford Electric Coop, Inc",MO,Cooperative,SERC
400,4527,City of Crete,NE,Municipal,MRO
401,4538,Crisp County Power Comm,GA,Political Subdivision,SERC
402,4577,Crow Wing Cooperative Power & Light Comp,MN,Cooperative,MRO
403,4604,City of Crystal Falls,MI,Municipal,MISO
404,4607,City of Cuba City,WI,Municipal,MISO
405,4610,City of Cuero - (TX),TX,Municipal,TRE
406,4617,Cullman Power Board,AL,Municipal,SERC
407,4618,"Cullman Electric Coop, Inc",AL,Cooperative,SERC
408,4619,Town of Culpeper- (VA),VA,Municipal,SERC
409,4622,"Cumberland Valley Electric, Inc.",KY,Cooperative,SERC
410,4624,Cumberland Elec Member Corp,TN,Cooperative,SERC
411,4632,Cuming County Public Pwr Dist,NE,Political Subdivision,SPP
412,4667,City of Cushing - (OK),OK,Municipal,SPP
413,4671,Custer Public Power District,NE,Political Subdivision,MRO
414,4675,Cuivre River Electric Coop Inc,MO,Cooperative,SERC
415,4683,City of Cuyahoga Falls - (OH),OH,Municipal,RFC
416,4704,"DS&O Electric Cooperative, Inc.",KS,Cooperative,SPP
417,4715,Dahlberg Light & Power Co,WI,Investor Owned,MRO
418,4716,Dairyland Power Coop,WI,Cooperative,MRO
419,4717,Dakota Valley Elec Coop Inc,ND,Cooperative,MRO
420,4720,Dakota Energy Coop Inc,SD,Cooperative,MRO
421,4743,"Consumers Power, Inc",OR,Cooperative,WECC
422,4744,Dalton Utilities,GA,Municipal,SERC
423,4794,City of Danville - (VA),VA,Municipal,RFC
424,4796,"Darke Rural Electric Coop, Inc",OH,Cooperative,RFC
425,4836,City of David City,NE,Municipal,MRO
426,4848,Daviess Martin County R E M C,IN,Cooperative,RFC
427,4911,Dawson Power District,NE,Political Subdivision,MRO
428,4920,City of Dayton - (TN),TN,Municipal,SERC
429,4922,Dayton Power & Light Co,OH,Investor Owned,RFC
430,4939,"Deaf Smith Electric Coop, Inc",TX,Cooperative,SPP
431,4958,Decatur Utilities,AL,Municipal,SERC
432,4960,Decatur County Rural E M C,IN,Cooperative,RFC
433,4975,Deep East Texas Elec Coop Inc,TX,Cooperative,TRE
434,5015,Delano Municipal Utilities,MN,Municipal,MRO
435,5027,Delmarva Power,DE,Investor Owned,RFC
436,5056,City of Denison - (IA),IA,Municipal,MRO
437,5063,City of Denton - (TX),TX,Municipal,TRE
438,5070,Delaware Electric Cooperative,DE,Cooperative,RFC
439,5078,"Denton County Elec Coop, Inc",TX,Cooperative,TRE
440,5086,Delta Montrose Electric Assn,CO,Cooperative,WECC
441,5107,City of Detroit - (MI),MI,Municipal,RFC
442,5109,DTE Electric Company,MI,Investor Owned,RFC
443,5111,City of Detroit Lakes - (MN),MN,Municipal,MRO
444,5148,City of Dickson,TN,Municipal,SERC
445,5175,Dixie Electric Power Assn,MS,Cooperative,SERC
446,5202,Dixie Electric Membership Corp,LA,Cooperative,SERC
447,5204,Dixie Electric Coop,AL,Cooperative,SERC
448,5309,City of Dothan - (AL),AL,Municipal,SERC
449,5325,City of Douglas,GA,Municipal,SERC
450,5326,PUD No 1 of Douglas County,WA,Political Subdivision,WECC
451,5327,Douglas Electric Coop - (OR),OR,Cooperative,WECC
452,5328,"Douglas Electric Coop, Inc",SD,Cooperative,MRO
453,5335,City of Dover - (DE),DE,Municipal,RFC
454,5336,City of Dover - (OH),OH,Municipal,RFC
455,5394,Dubois Rural Electric Coop Inc,IN,Cooperative,RFC
456,5399,Duck River Elec Member Corp,TN,Cooperative,SERC
457,5416,"Duke Energy Carolinas, LLC",NC,Investor Owned,SERC
458,5417,Dunn County Electric Coop,WI,Cooperative,MRO
459,5429,City of Duncan - (OK),OK,Municipal,SPP
460,5470,ConocoPhillips Company,TX,Retail Power Marketer,Not Assigned
461,5480,Town of Danvers,MA,Municipal,NPCC
462,5487,Duquesne Light Co,PA,Investor Owned,RFC
463,5509,City of Dyersburg,TN,Municipal,SERC
464,5535,Egyptian Electric Coop Assn,IL,Cooperative,RFC
465,5551,City of Eagle River - (WI),WI,Municipal,MISO
466,5552,"East River Elec Pwr Coop, Inc",SD,Cooperative,MRO
467,5571,East Bay Municipal Util Dist,CA,Municipal,WECC
468,5574,East Central Energy,MN,Cooperative,MRO
469,5575,City of East Grand Forks - (MN),MN,Municipal,MRO
470,5578,East Mississippi Elec Pwr Assn,MS,Cooperative,SERC
471,5580,"East Kentucky Power Coop, Inc",KY,Cooperative,SERC
472,5582,City of East Point - (GA),GA,Municipal,SERC
473,5585,Eastern Illinois Elec Coop,IL,Cooperative,RFC
474,5588,East-Central Iowa Rural Elec Coop,IA,Cooperative,RFC
475,5598,East Central Oklahoma Elec Coop Inc,OK,Cooperative,SPP
476,5605,Eastern Iowa Light & Power Coop,IA,Cooperative,MRO
477,5609,Eastern Maine Electric Coop,ME,Cooperative,NPCC
478,5625,Easton Utilities Comm,MD,Municipal,RFC
479,5632,Eau Claire Electric Coop,WI,Cooperative,MRO
480,5644,"Edisto Electric Coop, Inc",SC,Cooperative,SERC
481,5656,Edgecombe-Martin County E M C,NC,Cooperative,SERC
482,5661,City of Edmond - (OK),OK,Municipal,SPP
483,5701,El Paso Electric Co,TX,Investor Owned,WECC
484,5703,Empire Natural Gas Corporation,NY,Retail Power Marketer,RFC
485,5729,Electrical Dist No8 Maricopa,AZ,Political Subdivision,WECC
486,5730,City of Elberton,GA,Municipal,SERC
487,5742,Eldridge City Utilities,IA,Municipal,MRO
488,5748,Electric Energy Inc,IL,Investor Owned,SERC
489,5760,City of Elizabeth City - (NC),NC,Municipal,SERC
490,5763,City of Elizabethton - (TN),TN,Municipal,SERC
491,5773,City of Elk River,MN,Municipal,MRO
1582,17833,City Utilities of Springfield - (MO),MO,Municipal,SPP
1583,17839,City of Springfield - (OR),OR,Municipal,WECC
1584,17845,City of Springville - (UT),UT,Municipal,WECC
1585,17858,Square Butte Electric Coop,ND,Cooperative,MRO
1586,17860,City of St Charles - (IL),IL,Municipal,RFC
1587,17868,St Croix Electric Coop,WI,Cooperative,MRO
1588,17874,City of St George,UT,Municipal,WECC
1589,17876,City of St James - (MN),MN,Municipal,MRO
1590,17891,City of St Marys - (OH),OH,Municipal,RFC
1591,17896,City of Shasta Lake - (CA),CA,Municipal,WECC
1592,17899,City of St Paul - (NE),NE,Municipal,MRO
1593,17900,City of Saint Peter,MN,Municipal,MRO
1594,17979,Stanton County Public Pwr Dist,NE,Political Subdivision,SPP
1595,17983,City of Staples- (MN),MN,Municipal,MRO
1596,18004,City of Starke - (FL),FL,Municipal,FRCC
1597,18006,City of Starkville,MS,Municipal,SERC
1598,18019,Stearns Cooperative Elec Assn,MN,Cooperative,MRO
1599,18022,City of Statesville - (NC),NC,Municipal,SERC
1600,18047,Steele-Waseca Cooperative Electric,MN,Cooperative,MRO
1601,18051,Town of Steilacoom,WA,Municipal,WECC
1602,18085,South Central Power Company,OH,Cooperative,RFC
1603,18087,Town of Sterling - (MA),MA,Municipal,NPCC
1604,18100,Steuben County Rural E M C,IN,Cooperative,RFC
1605,18102,"Steuben Rural Elec Coop, Inc",NY,Cooperative,NPCC
1606,18125,Stillwater Utilities Authority,OK,Municipal,SPP
1607,18126,City of Stilwell - (OK),OK,Municipal,SPP
1608,18177,City of Story City - (IA),IA,Municipal,MRO
1609,18181,City of Stoughton - (WI),WI,Municipal,MISO
1610,18193,Direct Energy Business,PA,Retail Power Marketer,RFC
1611,18199,"Swisher Electric Coop, Inc",TX,Cooperative,SPP
1612,18203,Tallapoosa River Elec Coop Inc,AL,Cooperative,SERC
1613,18205,Strawberry Water Users Assn,UT,Investor Owned,WECC
1614,18206,Strawberry Electric Serv Dist,UT,Political Subdivision,WECC
1615,18249,City of Sturgeon Bay - (WI),WI,Municipal,MISO
1616,18252,City of Sturgis,MI,Municipal,RFC
1617,18260,Surprise Valley Electrification,CA,Cooperative,WECC
1618,18273,City of Sullivan - (MO),MO,Municipal,SERC
1619,18280,Sulphur Springs Valley E C Inc,AZ,Cooperative,WECC
1620,18304,"Sumter Electric Coop, Inc",FL,Cooperative,FRCC
1621,18305,Sumter Electric Member Corp,GA,Cooperative,SERC
1622,18312,Sun Prairie Utilities,WI,Municipal,MISO
1623,18315,Sunflower Electric Power Corp,KS,Cooperative,SPP
1624,18316,"Sumner-Cowley Elec Coop, Inc",KS,Cooperative,SPP
1625,18330,City of Superior - (NE),NE,Municipal,MRO
1626,18336,Superior Water and Light Co,WI,Investor Owned,MRO
1627,18339,Surry-Yadkin Elec Member Corp,NC,Cooperative,SERC
1628,18360,Suwannee Valley Elec Coop Inc,FL,Cooperative,FRCC
1629,18371,Village of Swanton - (VT),VT,Municipal,NPCC
1630,18383,Taylor Electric Coop - (WI),WI,Cooperative,MRO
1631,18384,City of Sweetwater,TN,Municipal,SERC
1632,18395,Sylacauga Utilities Board,AL,Municipal,SERC
1633,18397,City of Sylvania - (GA),GA,Municipal,SERC
1634,18401,"Sun River Electric Coop, Inc",MT,Cooperative,WECC
1635,18408,City of Syracuse - (NE),NE,Municipal,MRO
1636,18429,City of Tacoma  - (WA),WA,Municipal,WECC
1637,18433,Tahlequah Public Works Authority,OK,Municipal,SPP
1638,18445,City of Tallahassee - (FL),FL,Municipal,FRCC
1639,18446,T I P Rural Electric Coop,IA,Cooperative,MRO
1640,18447,Tallahatchie Valley E P A,MS,Cooperative,SERC
1641,18448,Tanner Electric Coop,WA,Cooperative,WECC
1642,18449,"Talquin Electric Coop, Inc",FL,Cooperative,FRCC
1643,18454,Tampa Electric Co,FL,Investor Owned,FRCC
1644,18466,Town of Tarboro - (NC),NC,Municipal,SERC
1645,18472,City of Tarrant,AL,Municipal,SERC
1646,18476,"Tara Energy, LLC",TX,Retail Power Marketer,TRE
1647,18488,City of Taunton,MA,Municipal,NPCC
1648,18498,Taylor County Rural E C C,KY,Cooperative,RFC
1649,18499,Three Notch Elec Member Corp,GA,Cooperative,SERC
1650,18525,City of Tecumseh,NE,Municipal,MRO
1651,18538,City of Tell City - (IN),IN,Municipal,RFC
1652,18589,"Rayburn Country Elec Coop, Inc",TX,Cooperative,TRE
1653,18642,Tennessee Valley Authority,TN,Federal,SERC
1654,18643,Tennessee Valley Electric Coop,TN,Cooperative,SERC
1655,18679,Tex-La Electric Coop-Texas Inc,TX,Cooperative,TRE
1656,18715,Texas Municipal Power Agency,TX,Municipal,TRE
1657,18820,City of Thief River Falls,MN,Municipal,MRO
1658,18847,City of Thomaston - (GA),GA,Municipal,SERC
1659,18848,City of Thomasville - (GA),GA,Municipal,SERC
1660,18895,Thumb Electric Coop of Mich,MI,Cooperative,RFC
1661,18917,Tillamook Peoples Utility Dist,OR,Political Subdivision,WECC
1662,18940,Tipmont Rural Elec Member Corp,IN,Cooperative,RFC
1663,18941,City of Tipp City - (OH),OH,Municipal,RFC
1664,18942,Tipton Municipal Electric Util,IN,Municipal,RFC
1665,18943,Tippah Electric Power Assn,MS,Cooperative,SERC
1666,18947,City of Tipton - (IA),IA,Municipal,MRO
1667,18951,Tishomingo County E P A,MS,Cooperative,SERC
1668,18955,"Tri-County Electric Coop, Inc",IL,Cooperative,RFC
1669,18956,Tri-County Elec Member Corp,GA,Cooperative,SERC
1670,18957,Tri-County Elec Member Corp,NC,Cooperative,SERC
1671,18961,Twin County Electric Pwr Assn,MS,Cooperative,SERC
1672,18962,Twin Valley Electric Coop Inc,KS,Cooperative,SPP
1673,18976,Trinity Valley Elec Coop Inc,TX,Cooperative,WECC
1674,18995,Tenaska Power Services,TX,Retail Power Marketer,TRE
1675,18997,The Toledo Edison Co,OH,Investor Owned,RFC
1676,19007,Tombigbee Electric Power Assn,MS,Cooperative,SERC
1677,19022,Tongue River Electric Coop Inc,MT,Cooperative,WECC
1678,19027,"Tombigbee Electric Coop, Inc",AL,Cooperative,SERC
1679,19032,City of Torrington - (WY),WY,Municipal,WECC
1680,19048,Toledo Bend Project Joint Oper,TX,State,SERC
1681,19060,"Traverse Electric Coop, Inc",MN,Cooperative,MRO
1682,19090,GDF SUEZ Energy Marketing North America,TX,Wholesale Power Marketer,TRE
1683,19096,TransAlta Energy Marketing (U.S.) Inc.,CN,Wholesale Power Marketer,WECC
1684,19107,Suez Energy Resources North Am,TX,Retail Power Marketer,TRE
1685,19108,Tideland Electric Member Corp,NC,Cooperative,SERC
1686,19119,"TransCanada Power Marketing, Ltd.",MA,Retail Power Marketer,NPCC
1687,19125,City of Traverse City - (MI),MI,Municipal,RFC
1688,19126,"TriEagle Energy, L.P.",TX,Retail Power Marketer,TRE
1689,19149,City of Trenton - (TN),TN,Municipal,SERC
1690,19150,Trenton Municipal Utilities - (MO),MO,Municipal,SPP
1691,19154,Tri-State Electric Member Corp,GA,Cooperative,SERC
1692,19156,Powder River Energy Corp,WY,Cooperative,WECC
1693,19157,Tri-County Electric Coop,MN,Cooperative,MRO
1694,19158,Tri-County Electric Coop Assn,MO,Cooperative,SERC
1695,19159,"Tri-County Electric Coop, Inc",TX,Cooperative,TRE
1696,19160,"Tri-County Electric Coop, Inc",OK,Cooperative,SPP
1697,19161,"Tri-County Electric Coop, Inc",FL,Cooperative,FRCC
1698,19162,Tri-County Elec Member Corp,TN,Cooperative,SERC
1699,19189,Trico Electric Cooperative Inc,AZ,Cooperative,WECC
1700,19219,Diverse Power Incorporated,GA,Cooperative,SERC
1701,19225,City of Troy - (AL),AL,Municipal,SERC
492,5777,City of Elkhorn - (WI),WI,Municipal,RFC
493,5780,Elkhorn Rural Public Pwr Dist,NE,Political Subdivision,SPP
494,5832,Elmhurst Mutual Power & Light Co,WA,Cooperative,WECC
495,5841,City of Ely - (MN),MN,Municipal,MRO
496,5860,Empire District Electric Co,MO,Investor Owned,SPP
497,5862,"Empire Electric Assn, Inc",CO,Cooperative,WECC
498,5880,"Energy Coop of New York, Inc",NY,Retail Power Marketer,NPCC
499,5905,Excelsior Electric Member Corp,GA,Cooperative,SERC
500,5929,"Fairfield Electric Coop, Inc",SC,Cooperative,SERC
501,5930,Village of Fairport - (NY),NY,Municipal,NPCC
502,5935,Borough of Ephrata - (PA),PA,Municipal,RFC
503,5953,"Entergy Solutions, Ltd",TX,Retail Power Marketer,NPCC
504,5961,Town of Erwin - (TN),TN,Municipal,SERC
505,5964,"Escambia River Elec Coop, Inc",FL,Cooperative,SERC
506,5969,City of Escondido - (CA),CA,Municipal,WECC
507,5971,"Great Bay Power Marketing, Inc.",NH,Wholesale Power Marketer,NPCC
508,5997,Town of Estes Park,CO,Municipal,WECC
509,5998,City of Estherville - (IA),IA,Municipal,MRO
510,6008,City of Etowah,TN,Municipal,SERC
511,6019,City of Eudora - (KS),KS,Municipal,FRCC
512,6022,City of Eugene - (OR),OR,Municipal,WECC
513,6043,City of Evansville,WI,Municipal,MISO
514,6112,"Farmers Electric Coop, Inc - (IA)",IA,Cooperative,RFC
515,6132,City of Fairbury,NE,Municipal,MRO
516,6138,City of Fairfax - (MN),MN,Municipal,MRO
517,6145,City of Fairhope - (AL),AL,Municipal,SERC
518,6149,City of Ellensburg - (WA),WA,Municipal,WECC
519,6151,Fairmont Public Utilities Comm,MN,Municipal,MRO
520,6168,Farmers Electric Coop - (IA),IA,Cooperative,MRO
521,6169,Fall River Rural Elec Coop Inc,ID,Cooperative,WECC
522,6173,Fannin County Electric Coop,TX,Cooperative,TRE
523,6175,City of Falls City - (NE),NE,Municipal,MRO
524,6181,"Farmers Electric Coop, Inc - (MO)",MO,Cooperative,SERC
525,6182,"Farmers Electric Coop, Inc - (TX)",TX,Cooperative,TRE
526,6183,"Fayette Electric Coop, Inc",TX,Cooperative,TRE
527,6194,Farmers Rural Electric Coop Corp - (KY),KY,Cooperative,RFC
528,6198,"Farmers Electric Coop, Inc - (NM)",NM,Cooperative,SPP
529,6204,City of Farmington - (NM),NM,Municipal,WECC
530,6205,City of Farmington - (MO),MO,Municipal,SERC
531,6207,Farmington River Power Company,CT,Investor Owned,NPCC
532,6234,City of Fayetteville,TN,Municipal,SERC
533,6235,Public Works Comm-City of Fayetteville,NC,Municipal,SERC
534,6258,Federated Rural Electric Assn,MN,Cooperative,MRO
535,6272,"FEM Electric Assn, Inc",SD,Cooperative,MRO
536,6297,PUD No 1 of Ferry County,WA,Political Subdivision,WECC
537,6335,"Firelands Electric Coop, Inc",OH,Cooperative,RFC
538,6342,First Electric Coop Corp,AR,Cooperative,SERC
539,6369,Fishers Island Utility Co Inc,NY,Investor Owned,NPCC
540,6374,Fitchburg Gas & Elec Light Co,NH,Investor Owned,NPCC
541,6380,Fitzgerald Wtr Lgt & Bond Comm,GA,Municipal,SERC
542,6389,FirstEnergy Generation Corp,OH,Wholesale Power Marketer,RFC
543,6390,City of Flandreau,SD,Municipal,MRO
544,6395,Flathead Electric Coop Inc,MT,Cooperative,WECC
545,6411,Flint Electric Membership Corp,GA,Cooperative,SERC
546,6417,City of Flora - (IL),IL,Municipal,SERC
547,6422,City of Florence - (AL),AL,Municipal,SERC
548,6424,Florence Utility Comm,WI,Municipal,MISO
549,6427,City of Floresville,TX,Municipal,TRE
550,6431,"Flint Hills Rural E C A, Inc",KS,Cooperative,SPP
551,6442,Fleming-Mason Energy Coop Inc,KY,Cooperative,RFC
552,6443,"Florida Keys El Coop Assn, Inc",FL,Cooperative,FRCC
553,6452,Florida Power & Light Co,FL,Investor Owned,FRCC
554,6455,"Duke Energy Florida, Inc",FL,Investor Owned,FRCC
555,6457,Florida Public Utilities Co,FL,Investor Owned,FRCC
556,6458,First Energy Solutions Corp.,OH,Retail Power Marketer,RFC
557,6491,Foley Board of Utilities,AL,Municipal,SERC
558,6567,Florida Municipal Power Agency,FL,Municipal,FRCC
559,6579,City of Forest City- (IA),IA,Municipal,MRO
560,6580,Town of Forest City,NC,Municipal,SERC
561,6582,City of Forest Grove,OR,Municipal,WECC
562,6604,City of Fort Collins - (CO),CO,Municipal,WECC
563,6608,Fort Loudoun Electric Coop,TN,Cooperative,SERC
564,6610,City of Fort Morgan,CO,Municipal,WECC
565,6611,Fort Belknap Electric Coop Inc,TX,Cooperative,TRE
566,6612,Fort Payne Improvement Authority,AL,Municipal,SERC
567,6615,City of Fort Pierre - (SD),SD,Municipal,MRO
568,6616,Fort Pierce Utilities Authority,FL,Municipal,FRCC
569,6617,Fort Valley Utility Comm,GA,Municipal,SERC
570,6638,City of Fountain,CO,Municipal,WECC
571,6640,Four County Elec Member Corp,NC,Cooperative,SERC
572,6641,4-County Electric Power Assn,MS,Cooperative,SERC
573,6707,City of Frankfort - (IN),IN,Municipal,RFC
574,6708,City of Frankfort - (KY),KY,Municipal,SERC
575,6709,Easley Combined Utility System,SC,Municipal,SERC
576,6710,Town of Edenton - (NC),NC,Municipal,SERC
577,6715,City of Franklin - (VA),VA,Municipal,SERC
578,6716,PUD No 1 of Franklin County,WA,Political Subdivision,WECC
579,6717,Franklin Electric Coop - (AL),AL,Cooperative,SERC
580,6718,City of Franklin - (KY),KY,Municipal,SERC
581,6722,Franklin Rural Electric Coop - (IA),IA,Cooperative,MRO
582,6752,Town of Frederick - (CO),CO,Municipal,WECC
583,6758,City of Fredericksburg - (TX),TX,Municipal,TRE
584,6775,Village of Freeport - (NY),NY,Municipal,NPCC
585,6779,City of Fremont - (NE),NE,Municipal,MRO
586,6782,Freeborn-Mower Coop Services,MN,Cooperative,MRO
587,6784,French Broad Elec Member Corp,NC,Cooperative,SERC
588,6803,Town of Front Royal,VA,Municipal,SERC
589,6804,Frontier Power Company,OH,Cooperative,RFC
590,6839,City of Fulton - (MO),MO,Municipal,SERC
591,6840,City of Fulton - (KY),KY,Municipal,SERC
592,6894,City of Gaffney - (SC),SC,Municipal,SERC
593,6907,City of Greendale,IN,Municipal,RFC
594,6909,Gainesville Regional Utilities,FL,Municipal,FRCC
595,6914,City of Galion,OH,Municipal,RFC
